,Receipt No.,Date,Time,Customer ID,Price before tax,Unit price before tax,Number,Category No.,Category name,Subcategory No.,Subcategory,Subsubcategory No.,Subsubcategory,Subsubcategory_ID
18,3,1,9,1616,140,140,1,21,Liquor,2113,Beer,211312,New genre,252
195,19,1,13,1703,100,100,1,21,Liquor,2113,Beer,211312,New genre,252
211,21,1,13,1519,685,685,1,21,Liquor,2118,Sake,211811,Refined sake,364
298,31,1,17,1620,185,185,1,21,Liquor,2116,Liquor and etc.,211612,Ice,175
327,33,1,12,1090,125,125,1,21,Liquor,2113,Beer,211312,New genre,252
329,33,1,12,1090,140,140,1,21,Liquor,2113,Beer,211312,New genre,252
438,42,1,19,1307,190,190,1,21,Liquor,2113,Beer,211311,Beer,22
439,42,1,19,1307,210,210,1,21,Liquor,2118,Sake,211811,Refined sake,364
467,44,1,19,1817,100,100,1,21,Liquor,2113,Beer,211312,New genre,252
468,44,1,19,1817,185,185,1,21,Liquor,2116,Liquor and etc.,211612,Ice,175
496,46,1,19,1117,1135,1135,1,21,Liquor,2113,Beer,211311,Beer,22
506,48,1,19,1281,185,185,1,21,Liquor,2116,Liquor and etc.,211612,Ice,175
507,48,1,19,1281,1980,1980,1,21,Liquor,2117,Shochu,211712,Korui-Shochu,217
510,49,1,19,1573,185,185,1,21,Liquor,2116,Liquor and etc.,211612,Ice,175
532,51,1,20,1567,110,110,1,21,Liquor,2112,Non-alcoholic drinks,211212,Alcohol-free beer,1
558,53,1,20,1576,155,155,1,21,Liquor,2114,Liqueur,211412,Cocktail/ Cocktail of Japanese spirits,79
581,55,1,20,1962,120,120,1,21,Liquor,2113,Beer,211312,New genre,252
584,55,1,20,1962,250,250,1,21,Liquor,2113,Beer,211311,Beer,22
604,58,1,21,1600,650,650,1,21,Liquor,2113,Beer,211312,New genre,252
776,75,1,15,1815,185,185,1,21,Liquor,2115,Wine,211514,OthersWine,316
835,78,1,15,1818,1190,1190,1,21,Liquor,2113,Beer,211311,Beer,22
874,84,1,17,1029,95,95,1,21,Liquor,2114,Liqueur,211412,Cocktail/ Cocktail of Japanese spirits,79
879,84,1,17,1029,110,110,1,21,Liquor,2112,Non-alcoholic drinks,211212,Alcohol-free beer,1
882,84,1,17,1029,130,130,1,21,Liquor,2112,Non-alcoholic drinks,211212,Alcohol-free beer,1
903,86,1,17,1007,1305,1305,1,21,Liquor,2115,Wine,211513,Imported wine,181
916,88,1,15,1583,190,190,1,21,Liquor,2118,Sake,211811,Refined sake,364
927,88,1,15,1583,100,100,1,21,Liquor,2116,Liquor and etc.,211611,Mixer,241
928,88,1,15,1583,100,100,1,21,Liquor,2116,Liquor and etc.,211611,Mixer,241
952,91,1,18,1768,200,100,2,21,Liquor,2113,Beer,211312,New genre,252
1043,100,1,19,1115,105,105,1,21,Liquor,2114,Liqueur,211412,Cocktail/ Cocktail of Japanese spirits,79
1044,100,1,19,1115,120,120,1,21,Liquor,2113,Beer,211312,New genre,252
1158,110,1,11,1388,105,105,1,21,Liquor,2114,Liqueur,211412,Cocktail/ Cocktail of Japanese spirits,79
1159,110,1,11,1388,105,105,1,21,Liquor,2114,Liqueur,211412,Cocktail/ Cocktail of Japanese spirits,79
1160,110,1,11,1388,120,120,1,21,Liquor,2113,Beer,211312,New genre,252
1169,110,1,11,1388,190,190,1,21,Liquor,2113,Beer,211311,Beer,22
1180,111,1,11,1705,300,150,2,21,Liquor,2113,Beer,211312,New genre,252
1188,111,1,11,1705,945,945,1,21,Liquor,2117,Shochu,211712,Korui-Shochu,217
1251,115,1,11,1213,475,475,1,21,Liquor,2118,Sake,211811,Refined sake,364
1252,115,1,11,1213,800,800,1,21,Liquor,2118,Sake,211811,Refined sake,364
1397,128,1,16,1259,115,115,1,21,Liquor,2116,Liquor and etc.,211611,Mixer,241
1398,128,1,16,1259,115,115,1,21,Liquor,2116,Liquor and etc.,211611,Mixer,241
1496,136,1,17,1274,600,600,1,21,Liquor,2113,Beer,211312,New genre,252
1501,137,1,18,1919,185,185,1,21,Liquor,2116,Liquor and etc.,211612,Ice,175
1519,138,1,18,1640,600,600,1,21,Liquor,2113,Beer,211312,New genre,252
1526,140,1,18,1074,750,150,5,21,Liquor,2113,Beer,211312,New genre,252
1562,144,1,19,1091,210,210,1,21,Liquor,2113,Beer,211311,Beer,22
1590,147,1,19,1760,560,140,4,21,Liquor,2113,Beer,211313,Low-malt beer,226
1597,147,1,19,1760,650,650,1,21,Liquor,2113,Beer,211312,New genre,252
1626,149,1,19,1770,700,700,1,21,Liquor,2113,Beer,211313,Low-malt beer,226
1683,153,1,20,1438,100,100,1,21,Liquor,2113,Beer,211312,New genre,252
1686,153,1,20,1438,150,150,1,21,Liquor,2113,Beer,211312,New genre,252
1727,158,1,9,1044,2460,2460,1,21,Liquor,2117,Shochu,211711,Otsurui-Shochu,318
1796,165,1,11,1481,95,95,1,21,Liquor,2114,Liqueur,211412,Cocktail/ Cocktail of Japanese spirits,79
1797,165,1,11,1481,95,95,1,21,Liquor,2114,Liqueur,211412,Cocktail/ Cocktail of Japanese spirits,79
1801,165,1,11,1481,320,160,2,21,Liquor,2114,Liqueur,211412,Cocktail/ Cocktail of Japanese spirits,79
1833,169,1,13,1848,200,100,2,21,Liquor,2116,Liquor and etc.,211611,Mixer,241
1862,173,1,13,1023,120,120,1,21,Liquor,2113,Beer,211312,New genre,252
1863,173,1,13,1023,150,150,1,21,Liquor,2114,Liqueur,211412,Cocktail/ Cocktail of Japanese spirits,79
1919,179,1,14,1070,4155,1385,3,21,Liquor,2113,Beer,211311,Beer,22
1951,182,1,15,1634,185,185,1,21,Liquor,2116,Liquor and etc.,211612,Ice,175
1992,188,1,17,1165,600,150,4,21,Liquor,2112,Non-alcoholic drinks,211212,Alcohol-free beer,1
2023,191,1,17,1982,460,115,4,21,Liquor,2113,Beer,211312,New genre,252
2027,191,1,17,1982,150,150,1,21,Liquor,2113,Beer,211312,New genre,252
2050,192,1,17,1302,645,645,1,21,Liquor,2113,Beer,211312,New genre,252
2059,194,1,18,1553,3390,3390,1,21,Liquor,2113,Beer,211312,New genre,252
2062,195,1,18,1275,270,270,1,21,Liquor,2113,Beer,211311,Beer,22
2103,197,1,18,1360,645,645,1,21,Liquor,2113,Beer,211312,New genre,252
2131,201,1,19,1822,105,105,1,21,Liquor,2114,Liqueur,211412,Cocktail/ Cocktail of Japanese spirits,79
2132,201,1,19,1822,105,105,1,21,Liquor,2114,Liqueur,211412,Cocktail/ Cocktail of Japanese spirits,79
2231,215,1,10,1379,185,185,1,21,Liquor,2116,Liquor and etc.,211612,Ice,175
2327,223,1,16,1103,890,890,1,21,Liquor,2113,Beer,211312,New genre,252
2343,225,1,16,1995,230,115,2,21,Liquor,2113,Beer,211312,New genre,252
2347,226,1,16,1878,120,120,1,21,Liquor,2113,Beer,211312,New genre,252
2348,226,1,16,1878,300,150,2,21,Liquor,2113,Beer,211312,New genre,252
2356,227,1,16,1875,180,180,1,21,Liquor,2114,Liqueur,211412,Cocktail/ Cocktail of Japanese spirits,79
2364,228,1,16,1961,110,110,1,21,Liquor,2112,Non-alcoholic drinks,211212,Alcohol-free beer,1
2365,228,1,16,1961,110,110,1,21,Liquor,2112,Non-alcoholic drinks,211212,Alcohol-free beer,1
2366,228,1,16,1961,150,150,1,21,Liquor,2113,Beer,211312,New genre,252
2367,228,1,16,1961,150,150,1,21,Liquor,2114,Liqueur,211412,Cocktail/ Cocktail of Japanese spirits,79
2479,238,1,18,1082,895,895,1,21,Liquor,2117,Shochu,211713,OthersShochu,312
2486,240,2,12,1984,370,185,2,21,Liquor,2113,Beer,211311,Beer,22
2487,240,2,12,1984,410,205,2,21,Liquor,2113,Beer,211311,Beer,22
2488,240,2,12,1984,760,380,2,21,Liquor,2113,Beer,211311,Beer,22
2493,241,2,12,1023,120,120,1,21,Liquor,2113,Beer,211312,New genre,252
2509,243,2,12,1256,105,105,1,21,Liquor,2114,Liqueur,211412,Cocktail/ Cocktail of Japanese spirits,79
2515,243,2,12,1256,205,205,1,21,Liquor,2113,Beer,211311,Beer,22
2516,243,2,12,1256,205,205,1,21,Liquor,2113,Beer,211311,Beer,22
2520,243,2,12,1256,1135,1135,1,21,Liquor,2113,Beer,211311,Beer,22
2555,248,2,15,1857,600,600,1,21,Liquor,2113,Beer,211312,New genre,252
2573,249,2,15,1990,600,600,1,21,Liquor,2113,Beer,211312,New genre,252
2638,257,2,16,1776,850,850,1,21,Liquor,2113,Beer,211312,New genre,252
2702,263,2,18,1161,330,165,2,21,Liquor,2117,Shochu,211712,Korui-Shochu,217
2726,265,2,18,1360,890,890,1,21,Liquor,2113,Beer,211312,New genre,252
2730,266,2,18,1020,100,100,1,21,Liquor,2113,Beer,211312,New genre,252
2757,269,2,19,1226,450,150,3,21,Liquor,2112,Non-alcoholic drinks,211212,Alcohol-free beer,1
2777,271,2,19,1895,150,150,1,21,Liquor,2113,Beer,211312,New genre,252
2778,271,2,19,1895,150,150,1,21,Liquor,2113,Beer,211312,New genre,252
2842,279,2,21,1541,300,150,2,21,Liquor,2113,Beer,211312,New genre,252
2858,281,2,21,1325,190,190,1,21,Liquor,2113,Beer,211311,Beer,22
2862,281,2,21,1325,250,250,1,21,Liquor,2113,Beer,211311,Beer,22
2895,286,2,21,1435,150,150,1,21,Liquor,2114,Liqueur,211412,Cocktail/ Cocktail of Japanese spirits,79
2896,286,2,21,1435,150,150,1,21,Liquor,2114,Liqueur,211412,Cocktail/ Cocktail of Japanese spirits,79
2906,289,2,10,1470,95,95,1,21,Liquor,2118,Sake,211811,Refined sake,364
2908,289,2,10,1470,120,120,1,21,Liquor,2113,Beer,211312,New genre,252
2997,297,2,11,1763,2795,2795,1,21,Liquor,2113,Beer,211313,Low-malt beer,226
3058,306,2,13,1053,105,105,1,21,Liquor,2114,Liqueur,211412,Cocktail/ Cocktail of Japanese spirits,79
3059,306,2,13,1053,105,105,1,21,Liquor,2114,Liqueur,211412,Cocktail/ Cocktail of Japanese spirits,79
3089,308,2,14,1002,100,100,1,21,Liquor,2113,Beer,211312,New genre,252
3102,309,2,14,1987,210,105,2,21,Liquor,2114,Liqueur,211412,Cocktail/ Cocktail of Japanese spirits,79
3112,310,2,14,1092,175,175,1,21,Liquor,2113,Beer,211311,Beer,22
3114,310,2,14,1092,220,220,1,21,Liquor,2113,Beer,211311,Beer,22
3117,310,2,14,1092,270,270,1,21,Liquor,2113,Beer,211311,Beer,22
3210,316,2,15,1379,100,100,1,21,Liquor,2113,Beer,211312,New genre,252
3214,316,2,15,1379,175,175,1,21,Liquor,2113,Beer,211311,Beer,22
3244,321,2,16,1489,100,100,1,21,Liquor,2113,Beer,211312,New genre,252
3265,322,2,17,1064,1045,1045,1,21,Liquor,2113,Beer,211311,Beer,22
3422,338,2,18,1962,150,150,1,21,Liquor,2113,Beer,211312,New genre,252
3424,338,2,18,1962,250,250,1,21,Liquor,2113,Beer,211311,Beer,22
3493,345,2,19,1049,115,115,1,21,Liquor,2114,Liqueur,211412,Cocktail/ Cocktail of Japanese spirits,79
3494,345,2,19,1049,115,115,1,21,Liquor,2114,Liqueur,211412,Cocktail/ Cocktail of Japanese spirits,79
3539,350,2,19,1134,330,110,3,21,Liquor,2114,Liqueur,211412,Cocktail/ Cocktail of Japanese spirits,79
3550,351,2,19,1462,110,110,1,21,Liquor,2114,Liqueur,211412,Cocktail/ Cocktail of Japanese spirits,79
3551,351,2,19,1462,110,110,1,21,Liquor,2114,Liqueur,211412,Cocktail/ Cocktail of Japanese spirits,79
3553,351,2,19,1462,300,150,2,21,Liquor,2113,Beer,211312,New genre,252
3562,352,2,20,1734,230,115,2,21,Liquor,2113,Beer,211312,New genre,252
3658,362,2,20,1705,105,105,1,21,Liquor,2114,Liqueur,211412,Cocktail/ Cocktail of Japanese spirits,79
3659,362,2,20,1705,300,150,2,21,Liquor,2113,Beer,211312,New genre,252
3679,363,2,8,1347,190,190,1,21,Liquor,2113,Beer,211311,Beer,22
3703,365,2,16,1296,120,120,1,21,Liquor,2113,Beer,211312,New genre,252
3770,374,2,17,1617,100,100,1,21,Liquor,2113,Beer,211312,New genre,252
3801,379,2,18,1243,115,115,1,21,Liquor,2112,Non-alcoholic drinks,211211,Alcohol-free cocktails,2
3802,379,2,18,1243,115,115,1,21,Liquor,2112,Non-alcoholic drinks,211211,Alcohol-free cocktails,2
3803,379,2,18,1243,115,115,1,21,Liquor,2112,Non-alcoholic drinks,211211,Alcohol-free cocktails,2
3812,380,2,18,1908,155,155,1,21,Liquor,2113,Beer,211313,Low-malt beer,226
3824,381,2,18,1021,1195,1195,1,21,Liquor,2117,Shochu,211712,Korui-Shochu,217
3825,381,2,18,1021,1200,1200,1,21,Liquor,2117,Shochu,211712,Korui-Shochu,217
3848,384,2,18,1981,185,185,1,21,Liquor,2116,Liquor and etc.,211612,Ice,175
3896,391,2,20,1576,155,155,1,21,Liquor,2114,Liqueur,211412,Cocktail/ Cocktail of Japanese spirits,79
3899,392,2,20,1103,320,160,2,21,Liquor,2114,Liqueur,211412,Cocktail/ Cocktail of Japanese spirits,79
3900,392,2,20,1103,160,160,1,21,Liquor,2114,Liqueur,211412,Cocktail/ Cocktail of Japanese spirits,79
3928,396,2,20,1600,650,650,1,21,Liquor,2113,Beer,211312,New genre,252
3943,401,2,9,1420,380,190,2,21,Liquor,2113,Beer,211311,Beer,22
4009,407,2,11,1952,400,200,2,21,Liquor,2113,Beer,211311,Beer,22
4020,408,2,11,1388,95,95,1,21,Liquor,2114,Liqueur,211412,Cocktail/ Cocktail of Japanese spirits,79
4023,408,2,11,1388,120,120,1,21,Liquor,2113,Beer,211312,New genre,252
4029,408,2,11,1388,205,205,1,21,Liquor,2113,Beer,211311,Beer,22
4151,420,2,13,1670,300,150,2,21,Liquor,2114,Liqueur,211412,Cocktail/ Cocktail of Japanese spirits,79
4152,420,2,13,1670,300,150,2,21,Liquor,2114,Liqueur,211412,Cocktail/ Cocktail of Japanese spirits,79
4183,421,2,14,1792,645,645,1,21,Liquor,2113,Beer,211312,New genre,252
4242,427,2,16,1121,150,150,1,21,Liquor,2113,Beer,211312,New genre,252
4243,427,2,16,1121,150,150,1,21,Liquor,2113,Beer,211312,New genre,252
4244,427,2,16,1121,165,165,1,21,Liquor,2113,Beer,211312,New genre,252
4302,433,2,17,1405,1200,600,2,21,Liquor,2113,Beer,211312,New genre,252
4419,446,2,18,1687,440,110,4,21,Liquor,2114,Liqueur,211412,Cocktail/ Cocktail of Japanese spirits,79
4423,446,2,18,1687,645,645,1,21,Liquor,2113,Beer,211312,New genre,252
4430,447,2,19,1517,265,265,1,21,Liquor,2113,Beer,211311,Beer,22
4431,447,2,19,1517,955,955,1,21,Liquor,2118,Sake,211811,Refined sake,364
4477,452,2,19,1898,205,205,1,21,Liquor,2113,Beer,211311,Beer,22
4487,453,2,19,1090,175,175,1,21,Liquor,2113,Beer,211311,Beer,22
4497,454,2,19,1937,120,120,1,21,Liquor,2113,Beer,211312,New genre,252
4538,460,2,19,1616,300,150,2,21,Liquor,2113,Beer,211312,New genre,252
4591,468,2,13,1624,180,180,1,21,Liquor,2114,Liqueur,211412,Cocktail/ Cocktail of Japanese spirits,79
4635,475,2,15,1995,345,115,3,21,Liquor,2113,Beer,211312,New genre,252
4685,481,2,16,1551,120,120,1,21,Liquor,2113,Beer,211312,New genre,252
4832,497,3,14,1148,105,105,1,21,Liquor,2114,Liqueur,211412,Cocktail/ Cocktail of Japanese spirits,79
4833,497,3,14,1148,105,105,1,21,Liquor,2114,Liqueur,211412,Cocktail/ Cocktail of Japanese spirits,79
5176,526,3,18,1590,625,625,1,21,Liquor,2115,Wine,211513,Imported wine,181
5192,528,3,19,1885,230,115,2,21,Liquor,2116,Liquor and etc.,211611,Mixer,241
5224,530,3,19,1307,190,190,1,21,Liquor,2113,Beer,211311,Beer,22
5227,530,3,19,1307,210,210,1,21,Liquor,2118,Sake,211811,Refined sake,364
5277,536,3,20,1576,160,160,1,21,Liquor,2114,Liqueur,211412,Cocktail/ Cocktail of Japanese spirits,79
5324,540,3,9,1649,120,120,1,21,Liquor,2113,Beer,211312,New genre,252
5330,540,3,9,1649,190,190,1,21,Liquor,2113,Beer,211311,Beer,22
5344,543,3,9,1470,95,95,1,21,Liquor,2118,Sake,211811,Refined sake,364
5385,548,3,10,1388,120,120,1,21,Liquor,2113,Beer,211312,New genre,252
5391,548,3,10,1388,190,190,1,21,Liquor,2113,Beer,211311,Beer,22
5527,560,3,12,1256,105,105,1,21,Liquor,2114,Liqueur,211412,Cocktail/ Cocktail of Japanese spirits,79
5534,560,3,12,1256,2270,1135,2,21,Liquor,2113,Beer,211311,Beer,22
5618,568,3,15,1420,380,190,2,21,Liquor,2113,Beer,211311,Beer,22
5683,576,3,16,1746,105,105,1,21,Liquor,2114,Liqueur,211412,Cocktail/ Cocktail of Japanese spirits,79
5684,576,3,16,1746,120,120,1,21,Liquor,2113,Beer,211312,New genre,252
5687,577,3,17,1014,230,115,2,21,Liquor,2113,Beer,211312,New genre,252
5689,577,3,17,1014,185,185,1,21,Liquor,2116,Liquor and etc.,211612,Ice,175
5827,590,3,19,1770,700,700,1,21,Liquor,2113,Beer,211313,Low-malt beer,226
5828,590,3,19,1770,700,700,1,21,Liquor,2113,Beer,211313,Low-malt beer,226
5840,592,3,19,1937,120,120,1,21,Liquor,2113,Beer,211312,New genre,252
5841,592,3,19,1937,185,185,1,21,Liquor,2116,Liquor and etc.,211612,Ice,175
5850,593,3,19,1600,1290,645,2,21,Liquor,2113,Beer,211312,New genre,252
5893,597,3,20,1103,260,130,2,21,Liquor,2114,Liqueur,211412,Cocktail/ Cocktail of Japanese spirits,79
5895,597,3,20,1103,160,160,1,21,Liquor,2114,Liqueur,211412,Cocktail/ Cocktail of Japanese spirits,79
5896,597,3,20,1103,160,160,1,21,Liquor,2114,Liqueur,211412,Cocktail/ Cocktail of Japanese spirits,79
6043,609,3,10,1168,200,100,2,21,Liquor,2113,Beer,211312,New genre,252
6127,621,3,11,1962,120,120,1,21,Liquor,2113,Beer,211312,New genre,252
6129,621,3,11,1962,250,250,1,21,Liquor,2113,Beer,211311,Beer,22
6137,623,3,11,1056,795,795,1,21,Liquor,2115,Wine,211512,Japanese wine,208
6138,623,3,11,1056,950,950,1,21,Liquor,2117,Shochu,211712,Korui-Shochu,217
6156,624,3,11,1016,100,100,1,21,Liquor,2114,Liqueur,211412,Cocktail/ Cocktail of Japanese spirits,79
6184,629,3,18,1497,150,150,1,21,Liquor,2113,Beer,211312,New genre,252
6185,629,3,18,1497,150,150,1,21,Liquor,2114,Liqueur,211412,Cocktail/ Cocktail of Japanese spirits,79
6209,632,3,18,1848,100,100,1,21,Liquor,2116,Liquor and etc.,211611,Mixer,241
6216,633,3,18,1090,175,175,1,21,Liquor,2113,Beer,211311,Beer,22
6354,648,3,20,1161,165,165,1,21,Liquor,2117,Shochu,211712,Korui-Shochu,217
6370,650,3,20,1818,695,695,1,21,Liquor,2118,Sake,211811,Refined sake,364
6371,650,3,20,1818,760,760,1,21,Liquor,2118,Sake,211811,Refined sake,364
6419,655,3,21,1514,560,560,1,21,Liquor,2115,Wine,211513,Imported wine,181
6445,660,3,11,1156,645,645,1,21,Liquor,2113,Beer,211312,New genre,252
6491,666,3,13,1296,120,120,1,21,Liquor,2113,Beer,211312,New genre,252
6595,676,3,14,1481,95,95,1,21,Liquor,2114,Liqueur,211412,Cocktail/ Cocktail of Japanese spirits,79
6596,676,3,14,1481,95,95,1,21,Liquor,2114,Liqueur,211412,Cocktail/ Cocktail of Japanese spirits,79
6598,676,3,14,1481,160,160,1,21,Liquor,2114,Liqueur,211412,Cocktail/ Cocktail of Japanese spirits,79
6767,694,3,17,1617,100,100,1,21,Liquor,2113,Beer,211312,New genre,252
6805,698,3,18,1728,1045,1045,1,21,Liquor,2113,Beer,211313,Low-malt beer,226
6834,701,3,18,1517,200,200,1,21,Liquor,2113,Beer,211313,Low-malt beer,226
6873,705,3,19,1134,110,110,1,21,Liquor,2114,Liqueur,211412,Cocktail/ Cocktail of Japanese spirits,79
6874,705,3,19,1134,220,110,2,21,Liquor,2114,Liqueur,211412,Cocktail/ Cocktail of Japanese spirits,79
6885,706,3,19,1206,500,250,2,21,Liquor,2113,Beer,211311,Beer,22
6909,709,3,11,1908,850,850,1,21,Liquor,2113,Beer,211312,New genre,252
7056,722,3,17,1427,110,110,1,21,Liquor,2112,Non-alcoholic drinks,211212,Alcohol-free beer,1
7125,726,3,18,1778,105,105,1,21,Liquor,2114,Liqueur,211412,Cocktail/ Cocktail of Japanese spirits,79
7234,734,4,13,1622,600,600,1,21,Liquor,2113,Beer,211312,New genre,252
7377,745,4,15,1296,120,120,1,21,Liquor,2113,Beer,211312,New genre,252
7407,747,4,16,1529,100,100,1,21,Liquor,2116,Liquor and etc.,211611,Mixer,241
7478,753,4,17,1926,845,845,1,21,Liquor,2118,Sake,211811,Refined sake,364
7515,757,4,18,1360,890,890,1,21,Liquor,2113,Beer,211312,New genre,252
7546,760,4,18,1106,380,95,4,21,Liquor,2114,Liqueur,211412,Cocktail/ Cocktail of Japanese spirits,79
7587,765,4,19,1857,600,600,1,21,Liquor,2113,Beer,211312,New genre,252
7622,769,4,12,1514,165,165,1,21,Liquor,2113,Beer,211312,New genre,252
7624,769,4,12,1514,560,560,1,21,Liquor,2115,Wine,211513,Imported wine,181
7625,769,4,12,1514,150,150,1,21,Liquor,2113,Beer,211312,New genre,252
7629,770,4,19,1995,230,115,2,21,Liquor,2113,Beer,211312,New genre,252
7632,771,4,20,1161,165,165,1,21,Liquor,2117,Shochu,211712,Korui-Shochu,217
7642,774,4,20,1074,450,150,3,21,Liquor,2113,Beer,211312,New genre,252
7661,776,4,20,1885,500,250,2,21,Liquor,2113,Beer,211311,Beer,22
7676,778,4,20,1705,110,110,1,21,Liquor,2114,Liqueur,211412,Cocktail/ Cocktail of Japanese spirits,79
7683,779,4,20,1962,120,120,1,21,Liquor,2113,Beer,211312,New genre,252
7687,779,4,20,1962,250,250,1,21,Liquor,2113,Beer,211311,Beer,22
7688,780,4,20,1103,115,115,1,21,Liquor,2114,Liqueur,211412,Cocktail/ Cocktail of Japanese spirits,79
7689,780,4,20,1103,260,130,2,21,Liquor,2114,Liqueur,211412,Cocktail/ Cocktail of Japanese spirits,79
7690,780,4,20,1103,155,155,1,21,Liquor,2114,Liqueur,211412,Cocktail/ Cocktail of Japanese spirits,79
7881,810,4,14,1649,190,190,1,21,Liquor,2113,Beer,211311,Beer,22
7882,810,4,14,1649,190,190,1,21,Liquor,2113,Beer,211311,Beer,22
7886,810,4,14,1649,265,265,1,21,Liquor,2113,Beer,211311,Beer,22
8034,826,4,17,1617,95,95,1,21,Liquor,2112,Non-alcoholic drinks,211211,Alcohol-free cocktails,2
8035,826,4,17,1617,100,100,1,21,Liquor,2113,Beer,211312,New genre,252
8036,826,4,17,1617,110,110,1,21,Liquor,2112,Non-alcoholic drinks,211212,Alcohol-free beer,1
8037,826,4,17,1617,150,150,1,21,Liquor,2112,Non-alcoholic drinks,211212,Alcohol-free beer,1
8123,835,4,18,1004,600,600,1,21,Liquor,2113,Beer,211312,New genre,252
8134,836,4,19,1937,110,110,1,21,Liquor,2114,Liqueur,211412,Cocktail/ Cocktail of Japanese spirits,79
8146,838,4,19,1462,150,150,1,21,Liquor,2113,Beer,211312,New genre,252
8189,842,4,19,1158,120,120,1,21,Liquor,2113,Beer,211312,New genre,252
8379,860,4,18,1590,890,890,1,21,Liquor,2113,Beer,211312,New genre,252
8427,865,4,18,1082,175,175,1,21,Liquor,2113,Beer,211311,Beer,22
8454,867,4,19,1822,380,190,2,21,Liquor,2113,Beer,211311,Beer,22
8460,867,4,19,1822,800,800,1,21,Liquor,2115,Wine,211512,Japanese wine,208
8468,869,4,19,1881,140,140,1,21,Liquor,2116,Liquor and etc.,211612,Ice,175
8511,874,4,19,1760,650,650,1,21,Liquor,2113,Beer,211312,New genre,252
8560,881,4,20,1517,200,200,1,21,Liquor,2113,Beer,211313,Low-malt beer,226
8582,883,4,20,1097,175,175,1,21,Liquor,2113,Beer,211311,Beer,22
8583,883,4,20,1097,350,175,2,21,Liquor,2113,Beer,211311,Beer,22
8631,886,4,20,1576,160,160,1,21,Liquor,2114,Liqueur,211412,Cocktail/ Cocktail of Japanese spirits,79
8638,887,4,20,1438,100,100,1,21,Liquor,2113,Beer,211312,New genre,252
8643,887,4,20,1438,150,150,1,21,Liquor,2113,Beer,211312,New genre,252
8652,888,4,21,1832,295,295,1,21,Liquor,2118,Sake,211811,Refined sake,364
8741,898,4,12,1704,260,130,2,21,Liquor,2113,Beer,211313,Low-malt beer,226
8815,907,4,15,1208,1150,1150,1,21,Liquor,2119,Wines and spirits,211911,Whisky,450
8849,911,4,16,1982,100,100,1,21,Liquor,2113,Beer,211312,New genre,252
8850,911,4,16,1982,100,100,1,21,Liquor,2113,Beer,211312,New genre,252
8851,911,4,16,1982,230,115,2,21,Liquor,2113,Beer,211312,New genre,252
8852,911,4,16,1982,120,120,1,21,Liquor,2113,Beer,211312,New genre,252
8854,911,4,16,1982,140,140,1,21,Liquor,2116,Liquor and etc.,211612,Ice,175
8881,913,4,16,1181,1305,1305,1,21,Liquor,2113,Beer,211311,Beer,22
8885,914,4,16,1635,110,110,1,21,Liquor,2112,Non-alcoholic drinks,211212,Alcohol-free beer,1
8947,921,4,17,1785,230,115,2,21,Liquor,2113,Beer,211312,New genre,252
8948,921,4,17,1785,125,125,1,21,Liquor,2113,Beer,211312,New genre,252
8983,923,4,17,1483,140,140,1,21,Liquor,2116,Liquor and etc.,211612,Ice,175
8985,923,4,17,1483,500,250,2,21,Liquor,2113,Beer,211311,Beer,22
9075,930,4,18,1746,105,105,1,21,Liquor,2114,Liqueur,211412,Cocktail/ Cocktail of Japanese spirits,79
9076,930,4,18,1746,1485,1485,1,21,Liquor,2117,Shochu,211711,Otsurui-Shochu,318
9129,936,4,19,1327,1150,1150,1,21,Liquor,2119,Wines and spirits,211911,Whisky,450
9171,939,4,10,1655,380,380,1,21,Liquor,2115,Wine,211512,Japanese wine,208
9219,944,4,11,1388,120,120,1,21,Liquor,2113,Beer,211312,New genre,252
9222,944,4,11,1388,190,190,1,21,Liquor,2113,Beer,211311,Beer,22
9259,946,4,12,1761,140,140,1,21,Liquor,2116,Liquor and etc.,211612,Ice,175
9372,953,4,14,1190,380,190,2,21,Liquor,2113,Beer,211311,Beer,22
9426,958,4,15,1555,1690,845,2,21,Liquor,2118,Sake,211811,Refined sake,364
9463,963,4,15,1952,370,185,2,21,Liquor,2113,Beer,211311,Beer,22
9496,966,4,16,1790,115,115,1,21,Liquor,2114,Liqueur,211412,Cocktail/ Cocktail of Japanese spirits,79
9497,966,4,16,1790,125,125,1,21,Liquor,2113,Beer,211312,New genre,252
9552,972,4,17,1107,100,100,1,21,Liquor,2113,Beer,211312,New genre,252
9588,976,4,17,1695,115,115,1,21,Liquor,2116,Liquor and etc.,211611,Mixer,241
9595,976,4,17,1695,595,595,1,21,Liquor,2113,Beer,211312,New genre,252
9706,990,5,13,1703,110,110,1,21,Liquor,2114,Liqueur,211412,Cocktail/ Cocktail of Japanese spirits,79
9786,1002,5,17,1746,105,105,1,21,Liquor,2114,Liqueur,211412,Cocktail/ Cocktail of Japanese spirits,79
9800,1003,5,18,1174,205,205,1,21,Liquor,2113,Beer,211311,Beer,22
9908,1017,5,20,1494,210,105,2,21,Liquor,2114,Liqueur,211412,Cocktail/ Cocktail of Japanese spirits,79
9930,1018,5,21,1143,220,110,2,21,Liquor,2112,Non-alcoholic drinks,211212,Alcohol-free beer,1
9963,1026,5,13,1708,205,205,1,21,Liquor,2113,Beer,211311,Beer,22
10023,1032,5,13,1296,600,600,1,21,Liquor,2113,Beer,211312,New genre,252
10159,1046,5,15,1617,180,90,2,21,Liquor,2112,Non-alcoholic drinks,211211,Alcohol-free cocktails,2
10162,1046,5,15,1617,100,100,1,21,Liquor,2113,Beer,211312,New genre,252
10166,1046,5,15,1617,300,150,2,21,Liquor,2112,Non-alcoholic drinks,211212,Alcohol-free beer,1
10302,1061,5,16,1799,345,115,3,21,Liquor,2112,Non-alcoholic drinks,211211,Alcohol-free cocktails,2
10317,1062,5,10,1470,85,85,1,21,Liquor,2113,Beer,211312,New genre,252
10318,1062,5,10,1470,95,95,1,21,Liquor,2118,Sake,211811,Refined sake,364
10382,1069,5,19,1106,95,95,1,21,Liquor,2114,Liqueur,211412,Cocktail/ Cocktail of Japanese spirits,79
10383,1069,5,19,1106,665,95,7,21,Liquor,2114,Liqueur,211412,Cocktail/ Cocktail of Japanese spirits,79
10386,1071,5,19,1103,260,130,2,21,Liquor,2114,Liqueur,211412,Cocktail/ Cocktail of Japanese spirits,79
10388,1071,5,19,1103,320,160,2,21,Liquor,2114,Liqueur,211412,Cocktail/ Cocktail of Japanese spirits,79
10410,1074,5,19,1327,1150,1150,1,21,Liquor,2119,Wines and spirits,211911,Whisky,450
10485,1079,5,20,1654,115,115,1,21,Liquor,2114,Liqueur,211412,Cocktail/ Cocktail of Japanese spirits,79
10487,1079,5,20,1654,150,150,1,21,Liquor,2114,Liqueur,211412,Cocktail/ Cocktail of Japanese spirits,79
10491,1079,5,20,1654,205,205,1,21,Liquor,2113,Beer,211311,Beer,22
10614,1093,5,12,1168,350,350,1,21,Liquor,2118,Sake,211811,Refined sake,364
10736,1108,5,19,1161,330,165,2,21,Liquor,2117,Shochu,211712,Korui-Shochu,217
10760,1112,5,19,1307,210,210,1,21,Liquor,2118,Sake,211811,Refined sake,364
10805,1116,5,20,1526,490,490,1,21,Liquor,2115,Wine,211513,Imported wine,181
10806,1116,5,20,1526,845,845,1,21,Liquor,2113,Beer,211312,New genre,252
10820,1118,5,21,1962,150,150,1,21,Liquor,2113,Beer,211312,New genre,252
10822,1118,5,21,1962,250,250,1,21,Liquor,2113,Beer,211311,Beer,22
10931,1134,5,16,1987,210,105,2,21,Liquor,2114,Liqueur,211412,Cocktail/ Cocktail of Japanese spirits,79
10989,1139,5,18,1452,150,150,1,21,Liquor,2113,Beer,211312,New genre,252
11011,1142,5,18,1616,120,120,1,21,Liquor,2113,Beer,211312,New genre,252
11013,1142,5,18,1616,150,150,1,21,Liquor,2113,Beer,211312,New genre,252
11182,1160,5,10,1388,105,105,1,21,Liquor,2114,Liqueur,211412,Cocktail/ Cocktail of Japanese spirits,79
11184,1160,5,10,1388,120,120,1,21,Liquor,2113,Beer,211312,New genre,252
11189,1160,5,10,1388,190,190,1,21,Liquor,2113,Beer,211311,Beer,22
11513,1195,6,13,1467,1290,645,2,21,Liquor,2118,Sake,211811,Refined sake,364
11524,1196,6,14,1002,600,600,1,21,Liquor,2113,Beer,211312,New genre,252
11567,1200,6,17,1746,210,105,2,21,Liquor,2114,Liqueur,211412,Cocktail/ Cocktail of Japanese spirits,79
11594,1204,6,19,1360,890,890,1,21,Liquor,2113,Beer,211312,New genre,252
11643,1212,6,13,1703,100,100,1,21,Liquor,2113,Beer,211312,New genre,252
11684,1217,6,12,1570,1135,1135,1,21,Liquor,2113,Beer,211311,Beer,22
11719,1219,6,13,1854,1880,940,2,21,Liquor,2115,Wine,211511,Sparkling wine,414
11841,1233,6,15,1957,150,150,1,21,Liquor,2113,Beer,211312,New genre,252
11939,1244,6,13,1937,105,105,1,21,Liquor,2114,Liqueur,211412,Cocktail/ Cocktail of Japanese spirits,79
11940,1244,6,13,1937,120,120,1,21,Liquor,2113,Beer,211312,New genre,252
12019,1248,6,18,1259,645,645,1,21,Liquor,2118,Sake,211811,Refined sake,364
12075,1252,6,19,1881,185,185,1,21,Liquor,2116,Liquor and etc.,211612,Ice,175
12098,1254,6,20,1576,155,155,1,21,Liquor,2114,Liqueur,211412,Cocktail/ Cocktail of Japanese spirits,79
12099,1254,6,20,1576,155,155,1,21,Liquor,2114,Liqueur,211412,Cocktail/ Cocktail of Japanese spirits,79
12163,1259,6,20,1748,1795,1795,1,21,Liquor,2117,Shochu,211711,Otsurui-Shochu,318
12180,1262,6,12,1704,260,130,2,21,Liquor,2113,Beer,211313,Low-malt beer,226
12240,1269,6,13,1481,210,105,2,21,Liquor,2114,Liqueur,211412,Cocktail/ Cocktail of Japanese spirits,79
12245,1269,6,13,1481,320,160,2,21,Liquor,2114,Liqueur,211412,Cocktail/ Cocktail of Japanese spirits,79
12281,1271,6,13,1203,825,275,3,21,Liquor,2113,Beer,211311,Beer,22
12328,1278,6,15,1165,200,100,2,21,Liquor,2112,Non-alcoholic drinks,211211,Alcohol-free cocktails,2
12329,1278,6,15,1165,200,100,2,21,Liquor,2112,Non-alcoholic drinks,211211,Alcohol-free cocktails,2
12333,1278,6,15,1165,300,150,2,21,Liquor,2112,Non-alcoholic drinks,211212,Alcohol-free beer,1
12369,1280,6,15,1990,600,600,1,21,Liquor,2113,Beer,211312,New genre,252
12380,1281,6,15,1452,150,150,1,21,Liquor,2113,Beer,211312,New genre,252
12416,1285,6,16,1292,905,905,1,21,Liquor,2117,Shochu,211711,Otsurui-Shochu,318
12420,1286,6,16,1464,100,100,1,21,Liquor,2112,Non-alcoholic drinks,211211,Alcohol-free cocktails,2
12462,1290,6,17,1617,100,100,1,21,Liquor,2113,Beer,211312,New genre,252
12463,1290,6,17,1617,150,150,1,21,Liquor,2112,Non-alcoholic drinks,211212,Alcohol-free beer,1
12464,1290,6,17,1617,150,150,1,21,Liquor,2112,Non-alcoholic drinks,211212,Alcohol-free beer,1
12585,1301,6,18,1161,165,165,1,21,Liquor,2117,Shochu,211712,Korui-Shochu,217
12599,1303,6,18,1014,240,120,2,21,Liquor,2113,Beer,211312,New genre,252
12652,1308,6,19,1848,100,100,1,21,Liquor,2116,Liquor and etc.,211611,Mixer,241
12664,1309,6,19,1307,190,190,1,21,Liquor,2113,Beer,211311,Beer,22
12665,1309,6,19,1307,210,210,1,21,Liquor,2118,Sake,211811,Refined sake,364
12726,1317,6,20,1705,890,890,1,21,Liquor,2113,Beer,211312,New genre,252
12727,1317,6,20,1705,895,895,1,21,Liquor,2117,Shochu,211712,Korui-Shochu,217
12837,1328,6,12,1256,195,195,1,21,Liquor,2113,Beer,211311,Beer,22
12952,1336,6,16,1620,600,600,1,21,Liquor,2113,Beer,211312,New genre,252
12972,1338,6,17,1379,100,100,1,21,Liquor,2113,Beer,211312,New genre,252
12975,1338,6,17,1379,175,175,1,21,Liquor,2113,Beer,211311,Beer,22
12983,1339,6,17,1995,230,115,2,21,Liquor,2113,Beer,211312,New genre,252
12995,1340,6,17,1776,850,850,1,21,Liquor,2113,Beer,211312,New genre,252
13005,1342,6,17,1988,260,130,2,21,Liquor,2113,Beer,211313,Low-malt beer,226
13018,1344,6,17,1754,150,150,1,21,Liquor,2113,Beer,211312,New genre,252
13019,1344,6,17,1754,150,150,1,21,Liquor,2113,Beer,211312,New genre,252
13110,1357,6,10,1388,120,120,1,21,Liquor,2113,Beer,211312,New genre,252
13117,1357,6,10,1388,190,190,1,21,Liquor,2113,Beer,211311,Beer,22
13119,1357,6,10,1388,195,195,1,21,Liquor,2113,Beer,211311,Beer,22
13199,1366,6,11,1420,380,190,2,21,Liquor,2113,Beer,211311,Beer,22
13273,1375,6,17,1762,105,105,1,21,Liquor,2114,Liqueur,211412,Cocktail/ Cocktail of Japanese spirits,79
13336,1382,7,10,1367,115,115,1,21,Liquor,2116,Liquor and etc.,211612,Ice,175
13403,1388,7,11,1377,1195,1195,1,21,Liquor,2117,Shochu,211712,Korui-Shochu,217
13480,1395,7,13,1296,575,575,1,21,Liquor,2113,Beer,211312,New genre,252
13519,1398,7,14,1357,115,115,1,21,Liquor,2116,Liquor and etc.,211612,Ice,175
13543,1400,7,14,1276,110,110,1,21,Liquor,2112,Non-alcoholic drinks,211212,Alcohol-free beer,1
13544,1400,7,14,1276,110,110,1,21,Liquor,2112,Non-alcoholic drinks,211212,Alcohol-free beer,1
13577,1403,7,15,1406,230,115,2,21,Liquor,2116,Liquor and etc.,211612,Ice,175
13605,1405,7,15,1195,140,140,1,21,Liquor,2113,Beer,211312,New genre,252
13606,1405,7,15,1195,140,140,1,21,Liquor,2113,Beer,211312,New genre,252
13627,1407,7,17,1590,570,570,1,21,Liquor,2115,Wine,211513,Imported wine,181
13628,1407,7,17,1590,760,760,1,21,Liquor,2115,Wine,211513,Imported wine,181
13686,1410,7,12,1612,950,950,1,21,Liquor,2117,Shochu,211713,OthersShochu,312
13721,1413,7,19,1881,115,115,1,21,Liquor,2116,Liquor and etc.,211612,Ice,175
13736,1414,7,19,1962,150,150,1,21,Liquor,2113,Beer,211312,New genre,252
13737,1414,7,19,1962,250,250,1,21,Liquor,2113,Beer,211311,Beer,22
13754,1417,7,19,1660,1045,1045,1,21,Liquor,2118,Sake,211811,Refined sake,364
13773,1420,7,20,1387,150,150,1,21,Liquor,2112,Non-alcoholic drinks,211212,Alcohol-free beer,1
13790,1423,7,20,1885,230,115,2,21,Liquor,2116,Liquor and etc.,211611,Mixer,241
13825,1425,7,21,1109,1480,1480,1,21,Liquor,2113,Beer,211311,Beer,22
13905,1433,7,11,1278,220,220,1,21,Liquor,2113,Beer,211311,Beer,22
13915,1433,7,11,1278,1530,765,2,21,Liquor,2113,Beer,211313,Low-malt beer,226
13991,1441,7,13,1622,580,580,1,21,Liquor,2113,Beer,211312,New genre,252
14122,1454,7,16,1583,150,150,1,21,Liquor,2113,Beer,211312,New genre,252
14307,1470,7,18,1643,245,245,1,21,Liquor,2113,Beer,211311,Beer,22
14383,1476,7,20,1307,190,190,1,21,Liquor,2113,Beer,211311,Beer,22
14385,1476,7,20,1307,210,210,1,21,Liquor,2118,Sake,211811,Refined sake,364
14483,1483,7,12,1256,1025,1025,1,21,Liquor,2113,Beer,211311,Beer,22
14565,1489,7,13,1292,1495,1495,1,21,Liquor,2117,Shochu,211711,Otsurui-Shochu,318
14575,1492,7,14,1438,150,150,1,21,Liquor,2113,Beer,211312,New genre,252
14599,1494,7,14,1563,115,115,1,21,Liquor,2116,Liquor and etc.,211612,Ice,175
14640,1499,7,15,1809,115,115,1,21,Liquor,2116,Liquor and etc.,211612,Ice,175
14726,1504,7,16,1510,180,180,1,21,Liquor,2116,Liquor and etc.,211611,Mixer,241
14727,1504,7,16,1510,180,180,1,21,Liquor,2116,Liquor and etc.,211611,Mixer,241
14738,1504,7,16,1510,890,890,1,21,Liquor,2113,Beer,211312,New genre,252
14771,1506,7,16,1695,580,580,1,21,Liquor,2113,Beer,211312,New genre,252
14772,1506,7,16,1695,1095,1095,1,21,Liquor,2117,Shochu,211713,OthersShochu,312
14865,1512,7,17,1309,115,115,1,21,Liquor,2116,Liquor and etc.,211612,Ice,175
14919,1518,7,18,1074,300,150,2,21,Liquor,2113,Beer,211312,New genre,252
14920,1518,7,18,1074,300,150,2,21,Liquor,2113,Beer,211312,New genre,252
14929,1519,7,18,1202,105,105,1,21,Liquor,2114,Liqueur,211412,Cocktail/ Cocktail of Japanese spirits,79
14930,1519,7,18,1202,115,115,1,21,Liquor,2114,Liqueur,211412,Cocktail/ Cocktail of Japanese spirits,79
14931,1519,7,18,1202,115,115,1,21,Liquor,2114,Liqueur,211412,Cocktail/ Cocktail of Japanese spirits,79
14934,1519,7,18,1202,130,130,1,21,Liquor,2114,Liqueur,211412,Cocktail/ Cocktail of Japanese spirits,79
14953,1520,7,18,1888,640,640,1,21,Liquor,2113,Beer,211312,New genre,252
14969,1522,7,18,1671,890,890,1,21,Liquor,2113,Beer,211312,New genre,252
15107,1533,7,21,1875,180,180,1,21,Liquor,2114,Liqueur,211412,Cocktail/ Cocktail of Japanese spirits,79
15135,1535,7,21,1407,115,115,1,21,Liquor,2116,Liquor and etc.,211612,Ice,175
15171,1537,7,21,1600,1290,645,2,21,Liquor,2113,Beer,211312,New genre,252
15192,1540,7,11,1705,155,155,1,21,Liquor,2114,Liqueur,211412,Cocktail/ Cocktail of Japanese spirits,79
15337,1552,7,14,1584,1200,1200,1,21,Liquor,2117,Shochu,211712,Korui-Shochu,217
15348,1554,7,14,1708,250,250,1,21,Liquor,2113,Beer,211311,Beer,22
15425,1561,7,17,1995,345,115,3,21,Liquor,2113,Beer,211312,New genre,252
15536,1570,7,19,1937,95,95,1,21,Liquor,2114,Liqueur,211412,Cocktail/ Cocktail of Japanese spirits,79
15537,1570,7,19,1937,120,120,1,21,Liquor,2114,Liqueur,211412,Cocktail/ Cocktail of Japanese spirits,79
15562,1571,7,19,1020,205,205,1,21,Liquor,2113,Beer,211311,Beer,22
15566,1571,7,19,1020,1680,1680,1,21,Liquor,2117,Shochu,211712,Korui-Shochu,217
15605,1575,7,10,1286,555,555,1,21,Liquor,2115,Wine,211513,Imported wine,181
15635,1580,7,10,1388,105,105,1,21,Liquor,2114,Liqueur,211412,Cocktail/ Cocktail of Japanese spirits,79
15637,1580,7,10,1388,120,120,1,21,Liquor,2113,Beer,211312,New genre,252
15647,1580,7,10,1388,190,190,1,21,Liquor,2113,Beer,211311,Beer,22
15762,1589,7,16,1090,140,140,1,21,Liquor,2113,Beer,211312,New genre,252
16022,1604,8,11,1705,885,885,1,21,Liquor,2113,Beer,211312,New genre,252
16028,1604,8,11,1705,130,130,1,21,Liquor,2114,Liqueur,211412,Cocktail/ Cocktail of Japanese spirits,79
16052,1608,8,12,1995,460,115,4,21,Liquor,2113,Beer,211312,New genre,252
16236,1621,8,14,1875,130,130,1,21,Liquor,2114,Liqueur,211412,Cocktail/ Cocktail of Japanese spirits,79
16282,1624,8,15,1878,120,120,1,21,Liquor,2113,Beer,211312,New genre,252
16283,1624,8,15,1878,300,150,2,21,Liquor,2112,Non-alcoholic drinks,211212,Alcohol-free beer,1
16300,1626,8,15,1409,555,555,1,21,Liquor,2118,Sake,211812,OthersSake,309
16410,1638,8,17,1659,760,760,1,21,Liquor,2114,Liqueur,211414,Plum wine,337
16411,1638,8,17,1659,1200,1200,1,21,Liquor,2119,Wines and spirits,211911,Whisky,450
16412,1639,8,17,1583,150,150,1,21,Liquor,2113,Beer,211312,New genre,252
16416,1639,8,17,1583,190,190,1,21,Liquor,2118,Sake,211811,Refined sake,364
16430,1640,8,17,1367,515,515,1,21,Liquor,2115,Wine,211511,Sparkling wine,414
16431,1640,8,17,1367,895,895,1,21,Liquor,2117,Shochu,211712,Korui-Shochu,217
16475,1644,8,18,1616,120,120,1,21,Liquor,2113,Beer,211312,New genre,252
16476,1644,8,18,1616,300,150,2,21,Liquor,2113,Beer,211312,New genre,252
16540,1650,8,20,1567,110,110,1,21,Liquor,2112,Non-alcoholic drinks,211212,Alcohol-free beer,1
16568,1653,8,21,1103,260,130,2,21,Liquor,2114,Liqueur,211412,Cocktail/ Cocktail of Japanese spirits,79
16571,1653,8,21,1103,320,160,2,21,Liquor,2114,Liqueur,211412,Cocktail/ Cocktail of Japanese spirits,79
16607,1655,8,11,1934,145,145,1,21,Liquor,2114,Liqueur,211412,Cocktail/ Cocktail of Japanese spirits,79
16608,1655,8,11,1934,145,145,1,21,Liquor,2114,Liqueur,211412,Cocktail/ Cocktail of Japanese spirits,79
16618,1656,8,11,1388,95,95,1,21,Liquor,2114,Liqueur,211412,Cocktail/ Cocktail of Japanese spirits,79
16626,1656,8,11,1388,105,105,1,21,Liquor,2114,Liqueur,211412,Cocktail/ Cocktail of Japanese spirits,79
16627,1656,8,11,1388,120,120,1,21,Liquor,2113,Beer,211312,New genre,252
16633,1656,8,11,1388,190,190,1,21,Liquor,2113,Beer,211311,Beer,22
16680,1658,8,11,1392,165,165,1,21,Liquor,2117,Shochu,211712,Korui-Shochu,217
16681,1658,8,11,1392,340,170,2,21,Liquor,2117,Shochu,211712,Korui-Shochu,217
16785,1666,8,12,1703,105,105,1,21,Liquor,2114,Liqueur,211412,Cocktail/ Cocktail of Japanese spirits,79
16787,1666,8,12,1703,650,650,1,21,Liquor,2113,Beer,211312,New genre,252
16794,1667,8,13,1090,125,125,1,21,Liquor,2113,Beer,211312,New genre,252
16795,1667,8,13,1090,125,125,1,21,Liquor,2113,Beer,211312,New genre,252
16796,1667,8,13,1090,140,140,1,21,Liquor,2113,Beer,211312,New genre,252
16938,1677,8,10,1758,765,765,1,21,Liquor,2113,Beer,211313,Low-malt beer,226
16965,1679,8,16,1628,140,140,1,21,Liquor,2113,Beer,211312,New genre,252
17097,1690,8,18,1493,230,115,2,21,Liquor,2113,Beer,211312,New genre,252
17118,1692,8,19,1307,190,190,1,21,Liquor,2113,Beer,211311,Beer,22
17120,1692,8,19,1307,210,210,1,21,Liquor,2118,Sake,211811,Refined sake,364
17232,1702,8,9,1074,450,150,3,21,Liquor,2113,Beer,211312,New genre,252
17356,1712,8,10,1279,495,495,1,21,Liquor,2115,Wine,211513,Imported wine,181
17538,1731,8,14,1996,185,185,1,21,Liquor,2116,Liquor and etc.,211612,Ice,175
17544,1731,8,14,1996,475,475,1,21,Liquor,2115,Wine,211513,Imported wine,181
17573,1734,8,14,1603,140,140,1,21,Liquor,2113,Beer,211312,New genre,252
17576,1734,8,14,1603,175,175,1,21,Liquor,2114,Liqueur,211412,Cocktail/ Cocktail of Japanese spirits,79
17649,1740,8,16,1883,230,115,2,21,Liquor,2113,Beer,211312,New genre,252
17782,1754,8,17,1020,120,120,1,21,Liquor,2113,Beer,211312,New genre,252
17795,1755,8,17,1112,150,150,1,21,Liquor,2113,Beer,211312,New genre,252
17851,1762,8,19,1014,185,185,1,21,Liquor,2116,Liquor and etc.,211612,Ice,175
17885,1766,8,19,1049,120,120,1,21,Liquor,2113,Beer,211312,New genre,252
17886,1766,8,19,1049,120,120,1,21,Liquor,2113,Beer,211312,New genre,252
17888,1766,8,19,1049,150,150,1,21,Liquor,2113,Beer,211312,New genre,252
17889,1766,8,19,1049,150,150,1,21,Liquor,2113,Beer,211312,New genre,252
17922,1768,8,19,1864,935,935,1,21,Liquor,2115,Wine,211513,Imported wine,181
17934,1770,8,19,1115,100,100,1,21,Liquor,2113,Beer,211312,New genre,252
17935,1770,8,19,1115,115,115,1,21,Liquor,2114,Liqueur,211412,Cocktail/ Cocktail of Japanese spirits,79
18091,1789,8,12,1161,165,165,1,21,Liquor,2117,Shochu,211712,Korui-Shochu,217
18092,1789,8,12,1161,595,595,1,21,Liquor,2117,Shochu,211712,Korui-Shochu,217
18113,1790,8,12,1481,105,105,1,21,Liquor,2114,Liqueur,211412,Cocktail/ Cocktail of Japanese spirits,79
18172,1794,8,13,1982,230,115,2,21,Liquor,2113,Beer,211312,New genre,252
18219,1797,8,15,1708,115,115,1,21,Liquor,2114,Liqueur,211412,Cocktail/ Cocktail of Japanese spirits,79
18434,1814,8,18,1937,95,95,1,21,Liquor,2114,Liqueur,211412,Cocktail/ Cocktail of Japanese spirits,79
18437,1814,8,18,1937,120,120,1,21,Liquor,2113,Beer,211312,New genre,252
18628,1831,8,17,1006,580,580,1,21,Liquor,2113,Beer,211312,New genre,252
18691,1836,8,18,1007,460,460,1,21,Liquor,2115,Wine,211513,Imported wine,181
18724,1840,9,13,1481,105,105,1,21,Liquor,2114,Liqueur,211412,Cocktail/ Cocktail of Japanese spirits,79
18915,1859,9,16,1521,1045,1045,1,21,Liquor,2113,Beer,211313,Low-malt beer,226
18946,1864,9,18,1497,290,145,2,21,Liquor,2114,Liqueur,211412,Cocktail/ Cocktail of Japanese spirits,79
18947,1864,9,18,1497,150,150,1,21,Liquor,2113,Beer,211312,New genre,252
18982,1868,9,18,1572,230,230,1,21,Liquor,2113,Beer,211311,Beer,22
19011,1872,9,18,1881,185,185,1,21,Liquor,2116,Liquor and etc.,211612,Ice,175
19029,1875,9,19,1885,230,115,2,21,Liquor,2116,Liquor and etc.,211611,Mixer,241
19090,1880,9,19,1307,190,190,1,21,Liquor,2113,Beer,211311,Beer,22
19091,1880,9,19,1307,210,210,1,21,Liquor,2118,Sake,211811,Refined sake,364
19123,1882,9,19,1360,890,890,1,21,Liquor,2113,Beer,211312,New genre,252
19216,1893,9,12,1533,555,555,1,21,Liquor,2115,Wine,211513,Imported wine,181
19418,1907,9,11,1256,1025,1025,1,21,Liquor,2113,Beer,211311,Beer,22
19527,1925,9,16,1379,100,100,1,21,Liquor,2113,Beer,211312,New genre,252
19529,1925,9,16,1379,175,175,1,21,Liquor,2113,Beer,211311,Beer,22
19530,1925,9,16,1379,185,185,1,21,Liquor,2116,Liquor and etc.,211612,Ice,175
19537,1927,9,16,1987,210,105,2,21,Liquor,2114,Liqueur,211412,Cocktail/ Cocktail of Japanese spirits,79
19761,1946,9,19,1576,120,120,1,21,Liquor,2114,Liqueur,211412,Cocktail/ Cocktail of Japanese spirits,79
19765,1947,9,20,1161,165,165,1,21,Liquor,2117,Shochu,211712,Korui-Shochu,217
19810,1953,9,9,1470,95,95,1,21,Liquor,2118,Sake,211811,Refined sake,364
19811,1953,9,9,1470,120,120,1,21,Liquor,2113,Beer,211312,New genre,252
19869,1960,9,11,1056,860,860,1,21,Liquor,2115,Wine,211512,Japanese wine,208
19870,1960,9,11,1056,900,900,1,21,Liquor,2117,Shochu,211712,Korui-Shochu,217
19893,1963,9,11,1359,110,110,1,21,Liquor,2114,Liqueur,211412,Cocktail/ Cocktail of Japanese spirits,79
19966,1974,9,19,1595,1400,1400,1,21,Liquor,2117,Shochu,211711,Otsurui-Shochu,318
20021,1980,9,20,1505,280,140,2,21,Liquor,2114,Liqueur,211412,Cocktail/ Cocktail of Japanese spirits,79
20047,1982,9,10,1514,150,150,1,21,Liquor,2113,Beer,211312,New genre,252
20062,1984,9,21,1143,220,110,2,21,Liquor,2112,Non-alcoholic drinks,211212,Alcohol-free beer,1
20261,2008,9,16,1014,120,120,1,21,Liquor,2113,Beer,211312,New genre,252
20262,2008,9,16,1014,120,120,1,21,Liquor,2113,Beer,211312,New genre,252
20361,2017,9,11,1388,105,105,1,21,Liquor,2114,Liqueur,211412,Cocktail/ Cocktail of Japanese spirits,79
20363,2017,9,11,1388,120,120,1,21,Liquor,2113,Beer,211312,New genre,252
20372,2017,9,11,1388,190,190,1,21,Liquor,2113,Beer,211311,Beer,22
20546,2038,9,15,1997,645,645,1,21,Liquor,2112,Non-alcoholic drinks,211212,Alcohol-free beer,1
20549,2040,9,16,1995,345,115,3,21,Liquor,2113,Beer,211312,New genre,252
20588,2043,9,17,1988,260,130,2,21,Liquor,2113,Beer,211313,Low-malt beer,226
20591,2043,9,17,1988,400,200,2,21,Liquor,2113,Beer,211313,Low-malt beer,226
20630,2047,9,18,1070,2780,1390,2,21,Liquor,2113,Beer,211311,Beer,22
20659,2050,9,18,1571,85,85,1,21,Liquor,2113,Beer,211312,New genre,252
20664,2050,9,18,1571,145,145,1,21,Liquor,2113,Beer,211312,New genre,252
20851,2061,10,13,1053,210,105,2,21,Liquor,2114,Liqueur,211412,Cocktail/ Cocktail of Japanese spirits,79
20903,2063,10,13,1793,1200,1200,1,21,Liquor,2117,Shochu,211712,Korui-Shochu,217
20938,2068,10,15,1423,560,560,1,21,Liquor,2115,Wine,211513,Imported wine,181
20951,2071,10,16,1846,95,95,1,21,Liquor,2118,Sake,211811,Refined sake,364
21048,2078,10,17,1639,220,220,1,21,Liquor,2117,Shochu,211712,Korui-Shochu,217
21077,2080,10,18,1541,230,115,2,21,Liquor,2113,Beer,211312,New genre,252
21078,2080,10,18,1541,300,150,2,21,Liquor,2113,Beer,211312,New genre,252
21083,2081,10,18,1386,1045,1045,1,21,Liquor,2117,Shochu,211711,Otsurui-Shochu,318
21086,2082,10,18,1848,200,100,2,21,Liquor,2116,Liquor and etc.,211611,Mixer,241
21162,2090,10,19,1692,100,100,1,21,Liquor,2113,Beer,211312,New genre,252
21165,2090,10,19,1692,140,140,1,21,Liquor,2113,Beer,211312,New genre,252
21173,2091,10,20,1432,170,85,2,21,Liquor,2113,Beer,211312,New genre,252
21217,2095,10,20,1360,890,890,1,21,Liquor,2113,Beer,211312,New genre,252
21218,2096,10,20,1705,95,95,1,21,Liquor,2114,Liqueur,211412,Cocktail/ Cocktail of Japanese spirits,79
21219,2096,10,20,1705,900,900,1,21,Liquor,2117,Shochu,211712,Korui-Shochu,217
21236,2097,10,20,1576,150,150,1,21,Liquor,2114,Liqueur,211412,Cocktail/ Cocktail of Japanese spirits,79
21259,2099,10,20,1307,190,190,1,21,Liquor,2113,Beer,211311,Beer,22
21261,2099,10,20,1307,210,210,1,21,Liquor,2118,Sake,211811,Refined sake,364
21331,2106,10,11,1732,120,120,1,21,Liquor,2113,Beer,211312,New genre,252
21389,2115,10,12,1154,360,180,2,21,Liquor,2116,Liquor and etc.,211611,Mixer,241
21405,2115,10,12,1154,360,180,2,21,Liquor,2116,Liquor and etc.,211611,Mixer,241
21436,2120,10,13,1708,190,190,1,21,Liquor,2113,Beer,211311,Beer,22
21759,2142,10,18,1815,150,150,1,21,Liquor,2114,Liqueur,211412,Cocktail/ Cocktail of Japanese spirits,79
21782,2144,10,18,1670,290,145,2,21,Liquor,2114,Liqueur,211412,Cocktail/ Cocktail of Japanese spirits,79
21783,2144,10,18,1670,145,145,1,21,Liquor,2114,Liqueur,211412,Cocktail/ Cocktail of Japanese spirits,79
21784,2144,10,18,1670,145,145,1,21,Liquor,2114,Liqueur,211412,Cocktail/ Cocktail of Japanese spirits,79
21803,2145,10,19,1937,95,95,1,21,Liquor,2114,Liqueur,211412,Cocktail/ Cocktail of Japanese spirits,79
21805,2145,10,19,1937,120,120,1,21,Liquor,2114,Liqueur,211412,Cocktail/ Cocktail of Japanese spirits,79
21808,2145,10,19,1937,185,185,1,21,Liquor,2116,Liquor and etc.,211612,Ice,175
21885,2154,10,20,1074,600,150,4,21,Liquor,2113,Beer,211312,New genre,252
21948,2159,10,8,1347,340,340,1,21,Liquor,2118,Sake,211811,Refined sake,364
21968,2162,10,9,1467,1290,645,2,21,Liquor,2118,Sake,211811,Refined sake,364
22041,2171,10,11,1388,95,95,1,21,Liquor,2114,Liqueur,211412,Cocktail/ Cocktail of Japanese spirits,79
22045,2171,10,11,1388,120,120,1,21,Liquor,2113,Beer,211312,New genre,252
22048,2171,10,11,1388,190,190,1,21,Liquor,2113,Beer,211311,Beer,22
22077,2173,10,11,1622,580,580,1,21,Liquor,2113,Beer,211312,New genre,252
22102,2176,10,17,1952,210,105,2,21,Liquor,2114,Liqueur,211412,Cocktail/ Cocktail of Japanese spirits,79
22148,2181,10,18,1583,120,120,1,21,Liquor,2113,Beer,211312,New genre,252
22150,2181,10,18,1583,190,190,1,21,Liquor,2118,Sake,211811,Refined sake,364
22151,2181,10,18,1583,340,340,1,21,Liquor,2118,Sake,211811,Refined sake,364
22190,2185,10,19,1508,115,115,1,21,Liquor,2112,Non-alcoholic drinks,211211,Alcohol-free cocktails,2
22273,2192,10,20,1498,145,145,1,21,Liquor,2113,Beer,211312,New genre,252
22330,2197,10,21,1600,1290,645,2,21,Liquor,2113,Beer,211312,New genre,252
22361,2200,10,10,1655,380,380,1,21,Liquor,2115,Wine,211512,Japanese wine,208
22432,2206,10,12,1256,115,115,1,21,Liquor,2114,Liqueur,211412,Cocktail/ Cocktail of Japanese spirits,79
22433,2206,10,12,1256,115,115,1,21,Liquor,2114,Liqueur,211412,Cocktail/ Cocktail of Japanese spirits,79
22434,2206,10,12,1256,120,120,1,21,Liquor,2113,Beer,211312,New genre,252
22435,2206,10,12,1256,120,120,1,21,Liquor,2113,Beer,211312,New genre,252
22438,2206,10,12,1256,140,140,1,21,Liquor,2114,Liqueur,211412,Cocktail/ Cocktail of Japanese spirits,79
22445,2206,10,12,1256,1030,1030,1,21,Liquor,2113,Beer,211311,Beer,22
22660,2224,10,15,1002,880,880,1,21,Liquor,2118,Sake,211811,Refined sake,364
22717,2228,10,16,1086,650,650,1,21,Liquor,2114,Liqueur,211413,Liqueur,221
22730,2230,10,16,1962,120,120,1,21,Liquor,2113,Beer,211312,New genre,252
22731,2230,10,16,1962,250,250,1,21,Liquor,2113,Beer,211311,Beer,22
22814,2239,10,18,1775,230,115,2,21,Liquor,2114,Liqueur,211412,Cocktail/ Cocktail of Japanese spirits,79
22834,2241,10,18,1799,345,115,3,21,Liquor,2112,Non-alcoholic drinks,211211,Alcohol-free cocktails,2
22845,2242,10,18,1590,150,150,1,21,Liquor,2113,Beer,211312,New genre,252
22858,2243,10,18,1898,190,190,1,21,Liquor,2113,Beer,211311,Beer,22
22877,2244,10,18,1982,345,115,3,21,Liquor,2113,Beer,211312,New genre,252
22883,2245,10,18,1103,260,130,2,21,Liquor,2114,Liqueur,211412,Cocktail/ Cocktail of Japanese spirits,79
22885,2245,10,18,1103,320,160,2,21,Liquor,2114,Liqueur,211412,Cocktail/ Cocktail of Japanese spirits,79
22961,2255,10,10,1470,95,95,1,21,Liquor,2118,Sake,211811,Refined sake,364
23117,2269,10,12,1139,650,650,1,21,Liquor,2113,Beer,211312,New genre,252
23305,2288,10,16,1995,345,115,3,21,Liquor,2113,Beer,211312,New genre,252
23435,2302,10,17,1020,100,100,1,21,Liquor,2113,Beer,211312,New genre,252
23436,2302,10,17,1020,100,100,1,21,Liquor,2116,Liquor and etc.,211611,Mixer,241
23590,2321,11,14,1438,150,150,1,21,Liquor,2113,Beer,211312,New genre,252
23701,2331,11,15,1372,185,185,1,21,Liquor,2116,Liquor and etc.,211612,Ice,175
23741,2335,11,17,1210,200,100,2,21,Liquor,2113,Beer,211312,New genre,252
23811,2341,11,19,1103,260,130,2,21,Liquor,2114,Liqueur,211412,Cocktail/ Cocktail of Japanese spirits,79
23814,2341,11,19,1103,320,160,2,21,Liquor,2114,Liqueur,211412,Cocktail/ Cocktail of Japanese spirits,79
24050,2361,11,11,1563,185,185,1,21,Liquor,2116,Liquor and etc.,211612,Ice,175
24059,2361,11,11,1563,1380,1380,1,21,Liquor,2113,Beer,211311,Beer,22
24204,2374,11,12,1106,840,105,8,21,Liquor,2114,Liqueur,211412,Cocktail/ Cocktail of Japanese spirits,79
24205,2374,11,12,1106,420,105,4,21,Liquor,2114,Liqueur,211412,Cocktail/ Cocktail of Japanese spirits,79
24220,2376,11,13,1481,105,105,1,21,Liquor,2114,Liqueur,211412,Cocktail/ Cocktail of Japanese spirits,79
24281,2383,11,15,1790,105,105,1,21,Liquor,2114,Liqueur,211412,Cocktail/ Cocktail of Japanese spirits,79
24282,2383,11,15,1790,125,125,1,21,Liquor,2113,Beer,211312,New genre,252
24352,2391,11,16,1995,230,115,2,21,Liquor,2113,Beer,211312,New genre,252
24353,2391,11,16,1995,120,120,1,21,Liquor,2113,Beer,211312,New genre,252
24385,2395,11,17,1687,230,115,2,21,Liquor,2114,Liqueur,211412,Cocktail/ Cocktail of Japanese spirits,79
24386,2395,11,17,1687,120,120,1,21,Liquor,2114,Liqueur,211412,Cocktail/ Cocktail of Japanese spirits,79
24396,2396,11,18,1571,100,100,1,21,Liquor,2113,Beer,211312,New genre,252
24456,2400,11,19,1792,650,650,1,21,Liquor,2113,Beer,211312,New genre,252
24461,2402,11,19,1146,800,800,1,21,Liquor,2115,Wine,211513,Imported wine,181
24467,2404,11,19,1937,105,105,1,21,Liquor,2114,Liqueur,211412,Cocktail/ Cocktail of Japanese spirits,79
24549,2413,11,11,1202,570,190,3,21,Liquor,2113,Beer,211311,Beer,22
24673,2426,11,14,1359,300,300,1,21,Liquor,2117,Shochu,211712,Korui-Shochu,217
24721,2431,11,15,1846,300,300,1,21,Liquor,2117,Shochu,211712,Korui-Shochu,217
24819,2440,11,16,1962,150,150,1,21,Liquor,2113,Beer,211312,New genre,252
24822,2440,11,16,1962,250,250,1,21,Liquor,2113,Beer,211311,Beer,22
24879,2446,11,17,1762,210,105,2,21,Liquor,2114,Liqueur,211412,Cocktail/ Cocktail of Japanese spirits,79
25173,2472,11,21,1433,105,105,1,21,Liquor,2114,Liqueur,211412,Cocktail/ Cocktail of Japanese spirits,79
25174,2472,11,21,1433,115,115,1,21,Liquor,2114,Liqueur,211412,Cocktail/ Cocktail of Japanese spirits,79
25181,2473,11,21,1074,300,150,2,21,Liquor,2113,Beer,211312,New genre,252
25182,2473,11,21,1074,150,150,1,21,Liquor,2113,Beer,211312,New genre,252
25209,2478,11,10,1388,105,105,1,21,Liquor,2114,Liqueur,211412,Cocktail/ Cocktail of Japanese spirits,79
25210,2478,11,10,1388,120,120,1,21,Liquor,2113,Beer,211312,New genre,252
25215,2478,11,10,1388,190,190,1,21,Liquor,2113,Beer,211311,Beer,22
25366,2495,11,17,1649,120,120,1,21,Liquor,2113,Beer,211312,New genre,252
25367,2495,11,17,1649,190,190,1,21,Liquor,2113,Beer,211311,Beer,22
25370,2495,11,17,1649,250,250,1,21,Liquor,2113,Beer,211311,Beer,22
25371,2495,11,17,1649,250,250,1,21,Liquor,2113,Beer,211311,Beer,22
25382,2496,11,17,1865,115,115,1,21,Liquor,2112,Non-alcoholic drinks,211211,Alcohol-free cocktails,2
25429,2500,11,18,1945,645,645,1,21,Liquor,2113,Beer,211312,New genre,252
25434,2501,11,18,1616,120,120,1,21,Liquor,2113,Beer,211312,New genre,252
25435,2501,11,18,1616,300,150,2,21,Liquor,2113,Beer,211312,New genre,252
25469,2505,11,19,1327,1150,1150,1,21,Liquor,2119,Wines and spirits,211911,Whisky,450
25489,2507,11,19,1307,210,210,1,21,Liquor,2118,Sake,211811,Refined sake,364
25585,2521,11,16,1987,105,105,1,21,Liquor,2114,Liqueur,211412,Cocktail/ Cocktail of Japanese spirits,79
25586,2521,11,16,1987,105,105,1,21,Liquor,2114,Liqueur,211412,Cocktail/ Cocktail of Japanese spirits,79
25696,2529,11,17,1620,1200,1200,1,21,Liquor,2117,Shochu,211712,Korui-Shochu,217
25719,2532,12,12,1907,130,130,1,21,Liquor,2113,Beer,211313,Low-malt beer,226
25721,2532,12,12,1907,140,140,1,21,Liquor,2113,Beer,211312,New genre,252
25726,2532,12,12,1907,200,200,1,21,Liquor,2113,Beer,211313,Low-malt beer,226
25751,2533,12,12,1090,100,100,1,21,Liquor,2113,Beer,211312,New genre,252
25828,2543,12,16,1438,105,105,1,21,Liquor,2113,Beer,211312,New genre,252
25829,2543,12,16,1438,130,130,1,21,Liquor,2114,Liqueur,211414,Plum wine,337
25830,2543,12,16,1438,150,150,1,21,Liquor,2113,Beer,211312,New genre,252
25839,2544,12,16,1478,2400,1200,2,21,Liquor,2117,Shochu,211712,Korui-Shochu,217
25857,2548,12,17,1879,630,630,1,21,Liquor,2115,Wine,211513,Imported wine,181
25927,2557,12,19,1715,190,190,1,21,Liquor,2118,Sake,211811,Refined sake,364
25955,2561,12,20,1360,890,890,1,21,Liquor,2113,Beer,211312,New genre,252
25988,2564,12,20,1848,100,100,1,21,Liquor,2116,Liquor and etc.,211611,Mixer,241
26011,2567,12,10,1470,95,95,1,21,Liquor,2118,Sake,211811,Refined sake,364
26015,2567,12,10,1470,120,120,1,21,Liquor,2113,Beer,211312,New genre,252
26266,2601,12,14,1937,85,85,1,21,Liquor,2113,Beer,211312,New genre,252
26269,2601,12,14,1937,95,95,1,21,Liquor,2114,Liqueur,211412,Cocktail/ Cocktail of Japanese spirits,79
26273,2601,12,14,1937,120,120,1,21,Liquor,2113,Beer,211312,New genre,252
26456,2622,12,18,1881,185,185,1,21,Liquor,2116,Liquor and etc.,211612,Ice,175
26463,2623,12,19,1969,105,105,1,21,Liquor,2114,Liqueur,211412,Cocktail/ Cocktail of Japanese spirits,79
26486,2625,12,19,1307,190,190,1,21,Liquor,2113,Beer,211311,Beer,22
26487,2625,12,19,1307,210,210,1,21,Liquor,2118,Sake,211811,Refined sake,364
26523,2629,12,19,1367,185,185,1,21,Liquor,2116,Liquor and etc.,211612,Ice,175
26532,2630,12,19,1628,1200,1200,1,21,Liquor,2113,Beer,211311,Beer,22
26546,2633,12,20,1103,130,130,1,21,Liquor,2114,Liqueur,211412,Cocktail/ Cocktail of Japanese spirits,79
26548,2633,12,20,1103,320,160,2,21,Liquor,2114,Liqueur,211412,Cocktail/ Cocktail of Japanese spirits,79
26566,2637,12,20,1014,120,120,1,21,Liquor,2113,Beer,211312,New genre,252
26569,2637,12,20,1014,265,265,1,21,Liquor,2116,Liquor and etc.,211611,Mixer,241
26609,2642,12,21,1934,145,145,1,21,Liquor,2114,Liqueur,211412,Cocktail/ Cocktail of Japanese spirits,79
26610,2642,12,21,1934,145,145,1,21,Liquor,2114,Liqueur,211412,Cocktail/ Cocktail of Japanese spirits,79
26611,2642,12,21,1934,145,145,1,21,Liquor,2114,Liqueur,211412,Cocktail/ Cocktail of Japanese spirits,79
26612,2642,12,21,1934,145,145,1,21,Liquor,2114,Liqueur,211412,Cocktail/ Cocktail of Japanese spirits,79
26642,2647,12,11,1388,120,120,1,21,Liquor,2113,Beer,211312,New genre,252
26645,2647,12,11,1388,130,130,1,21,Liquor,2114,Liqueur,211412,Cocktail/ Cocktail of Japanese spirits,79
26650,2647,12,11,1388,190,190,1,21,Liquor,2113,Beer,211311,Beer,22
26874,2672,12,17,1206,110,110,1,21,Liquor,2114,Liqueur,211412,Cocktail/ Cocktail of Japanese spirits,79
26876,2672,12,17,1206,450,150,3,21,Liquor,2113,Beer,211312,New genre,252
26897,2675,12,18,1995,345,115,3,21,Liquor,2113,Beer,211312,New genre,252
26907,2677,12,18,1718,105,105,1,21,Liquor,2114,Liqueur,211412,Cocktail/ Cocktail of Japanese spirits,79
26966,2688,12,19,1007,755,755,1,21,Liquor,2115,Wine,211512,Japanese wine,208
26971,2689,12,19,1860,185,185,1,21,Liquor,2113,Beer,211311,Beer,22
26972,2689,12,19,1860,190,190,1,21,Liquor,2113,Beer,211311,Beer,22
27018,2696,12,14,1708,115,115,1,21,Liquor,2114,Liqueur,211412,Cocktail/ Cocktail of Japanese spirits,79
27021,2696,12,14,1708,250,250,1,21,Liquor,2113,Beer,211311,Beer,22
27116,2707,12,16,1228,580,580,1,21,Liquor,2113,Beer,211312,New genre,252
27150,2712,12,17,1020,100,100,1,21,Liquor,2116,Liquor and etc.,211611,Mixer,241
27256,2722,12,18,1571,100,100,1,21,Liquor,2113,Beer,211312,New genre,252
27301,2727,13,12,1165,420,140,3,21,Liquor,2113,Beer,211312,New genre,252
27337,2733,13,14,1002,580,580,1,21,Liquor,2113,Beer,211312,New genre,252
27400,2741,13,16,1704,260,130,2,21,Liquor,2113,Beer,211313,Low-malt beer,226
27411,2741,13,16,1704,695,695,1,21,Liquor,2117,Shochu,211712,Korui-Shochu,217
27412,2741,13,16,1704,905,905,1,21,Liquor,2117,Shochu,211711,Otsurui-Shochu,318
27465,2747,13,18,1815,105,105,1,21,Liquor,2114,Liqueur,211412,Cocktail/ Cocktail of Japanese spirits,79
27469,2747,13,18,1815,155,155,1,21,Liquor,2114,Liqueur,211412,Cocktail/ Cocktail of Japanese spirits,79
27486,2748,13,18,1449,1025,1025,1,21,Liquor,2113,Beer,211311,Beer,22
27500,2750,13,18,1694,890,890,1,21,Liquor,2113,Beer,211312,New genre,252
27526,2755,13,19,1103,260,130,2,21,Liquor,2114,Liqueur,211412,Cocktail/ Cocktail of Japanese spirits,79
27527,2755,13,19,1103,320,160,2,21,Liquor,2114,Liqueur,211412,Cocktail/ Cocktail of Japanese spirits,79
27585,2763,13,20,1432,85,85,1,21,Liquor,2113,Beer,211312,New genre,252
27599,2764,13,20,1875,260,130,2,21,Liquor,2114,Liqueur,211412,Cocktail/ Cocktail of Japanese spirits,79
27663,2770,13,9,1299,1155,1155,1,21,Liquor,2119,Wines and spirits,211911,Whisky,450
27667,2771,13,9,1908,665,665,1,21,Liquor,2118,Sake,211812,OthersSake,309
27724,2776,13,11,1962,150,150,1,21,Liquor,2113,Beer,211312,New genre,252
27728,2776,13,11,1962,250,250,1,21,Liquor,2113,Beer,211311,Beer,22
27732,2777,13,11,1467,1290,645,2,21,Liquor,2118,Sake,211811,Refined sake,364
27785,2781,13,11,1256,1025,1025,1,21,Liquor,2113,Beer,211311,Beer,22
27786,2781,13,11,1256,1025,1025,1,21,Liquor,2113,Beer,211311,Beer,22
27877,2791,13,13,1643,220,220,1,21,Liquor,2113,Beer,211311,Beer,22
28057,2810,13,16,1470,95,95,1,21,Liquor,2118,Sake,211811,Refined sake,364
28108,2814,13,16,1154,180,180,1,21,Liquor,2116,Liquor and etc.,211611,Mixer,241
28149,2819,13,17,1181,650,650,1,21,Liquor,2113,Beer,211312,New genre,252
28186,2823,13,13,1379,185,185,1,21,Liquor,2116,Liquor and etc.,211612,Ice,175
28255,2832,13,18,1590,890,890,1,21,Liquor,2113,Beer,211312,New genre,252
28278,2836,13,18,1521,1045,1045,1,21,Liquor,2113,Beer,211313,Low-malt beer,226
28285,2838,13,19,1717,1380,1380,1,21,Liquor,2113,Beer,211311,Beer,22
28308,2840,13,19,1438,105,105,1,21,Liquor,2113,Beer,211312,New genre,252
28309,2840,13,19,1438,145,145,1,21,Liquor,2113,Beer,211312,New genre,252
28324,2842,13,14,1937,95,95,1,21,Liquor,2114,Liqueur,211412,Cocktail/ Cocktail of Japanese spirits,79
28334,2842,13,14,1937,120,120,1,21,Liquor,2113,Beer,211312,New genre,252
28335,2842,13,14,1937,180,180,1,21,Liquor,2114,Liqueur,211412,Cocktail/ Cocktail of Japanese spirits,79
28349,2846,13,20,1914,115,115,1,21,Liquor,2114,Liqueur,211412,Cocktail/ Cocktail of Japanese spirits,79
28353,2846,13,20,1914,185,185,1,21,Liquor,2116,Liquor and etc.,211612,Ice,175
28419,2855,13,11,1700,185,185,1,21,Liquor,2116,Liquor and etc.,211612,Ice,175
28429,2856,13,11,1388,105,105,1,21,Liquor,2114,Liqueur,211412,Cocktail/ Cocktail of Japanese spirits,79
28432,2856,13,11,1388,120,120,1,21,Liquor,2113,Beer,211312,New genre,252
28443,2856,13,11,1388,190,190,1,21,Liquor,2113,Beer,211311,Beer,22
28539,2869,13,17,1995,570,190,3,21,Liquor,2113,Beer,211311,Beer,22
28584,2871,13,18,1854,1890,945,2,21,Liquor,2115,Wine,211511,Sparkling wine,414
28658,2876,13,18,1886,1045,1045,1,21,Liquor,2113,Beer,211311,Beer,22
28742,2883,13,19,1327,1150,1150,1,21,Liquor,2119,Wines and spirits,211911,Whisky,450
28750,2884,13,19,1600,1300,650,2,21,Liquor,2113,Beer,211312,New genre,252
28770,2886,13,20,1505,280,140,2,21,Liquor,2114,Liqueur,211412,Cocktail/ Cocktail of Japanese spirits,79
28780,2887,13,20,1370,115,115,1,21,Liquor,2114,Liqueur,211412,Cocktail/ Cocktail of Japanese spirits,79
28781,2887,13,20,1370,115,115,1,21,Liquor,2114,Liqueur,211412,Cocktail/ Cocktail of Japanese spirits,79
28782,2887,13,20,1370,115,115,1,21,Liquor,2114,Liqueur,211412,Cocktail/ Cocktail of Japanese spirits,79
28783,2887,13,20,1370,115,115,1,21,Liquor,2114,Liqueur,211412,Cocktail/ Cocktail of Japanese spirits,79
28844,2893,13,20,1603,175,175,1,21,Liquor,2114,Liqueur,211412,Cocktail/ Cocktail of Japanese spirits,79
28845,2893,13,20,1603,900,900,1,21,Liquor,2115,Wine,211513,Imported wine,181
28863,2898,13,21,1435,115,115,1,21,Liquor,2114,Liqueur,211412,Cocktail/ Cocktail of Japanese spirits,79
28964,2909,13,13,1464,150,150,1,21,Liquor,2112,Non-alcoholic drinks,211212,Alcohol-free beer,1
28996,2914,13,14,1106,840,105,8,21,Liquor,2114,Liqueur,211412,Cocktail/ Cocktail of Japanese spirits,79
29012,2915,13,14,1069,580,580,1,21,Liquor,2113,Beer,211312,New genre,252
29041,2920,13,14,1420,570,190,3,21,Liquor,2113,Beer,211311,Beer,22
29063,2922,13,15,1507,105,105,1,21,Liquor,2113,Beer,211311,Beer,22
29064,2922,13,15,1507,130,130,1,21,Liquor,2114,Liqueur,211414,Plum wine,337
29093,2926,13,16,1746,105,105,1,21,Liquor,2114,Liqueur,211412,Cocktail/ Cocktail of Japanese spirits,79
29094,2926,13,16,1746,1485,1485,1,21,Liquor,2117,Shochu,211711,Otsurui-Shochu,318
29181,2937,13,17,1020,105,105,1,21,Liquor,2114,Liqueur,211412,Cocktail/ Cocktail of Japanese spirits,79
29258,2943,13,19,1898,100,100,1,21,Liquor,2113,Beer,211312,New genre,252
29322,2948,13,19,1307,190,190,1,21,Liquor,2113,Beer,211311,Beer,22
29324,2948,13,19,1307,210,210,1,21,Liquor,2118,Sake,211811,Refined sake,364
29328,2949,13,19,1090,175,175,1,21,Liquor,2113,Beer,211311,Beer,22
29353,2952,13,11,1489,100,100,1,21,Liquor,2113,Beer,211312,New genre,252
29355,2952,13,11,1489,260,130,2,21,Liquor,2113,Beer,211313,Low-malt beer,226
29398,2956,13,12,1481,210,105,2,21,Liquor,2114,Liqueur,211412,Cocktail/ Cocktail of Japanese spirits,79
29402,2956,13,12,1481,320,160,2,21,Liquor,2114,Liqueur,211412,Cocktail/ Cocktail of Japanese spirits,79
29449,2960,13,13,1056,855,855,1,21,Liquor,2115,Wine,211512,Japanese wine,208
29450,2960,13,13,1056,895,895,1,21,Liquor,2117,Shochu,211712,Korui-Shochu,217
29484,2963,13,14,1708,250,250,1,21,Liquor,2113,Beer,211311,Beer,22
29537,2968,13,15,1497,150,150,1,21,Liquor,2113,Beer,211312,New genre,252
29538,2968,13,15,1497,150,150,1,21,Liquor,2114,Liqueur,211412,Cocktail/ Cocktail of Japanese spirits,79
29583,2973,13,15,1452,150,150,1,21,Liquor,2113,Beer,211312,New genre,252
29769,2994,14,16,1406,115,115,1,21,Liquor,2116,Liquor and etc.,211612,Ice,175
29797,2995,14,16,1583,190,190,1,21,Liquor,2118,Sake,211811,Refined sake,364
29801,2995,14,16,1583,340,340,1,21,Liquor,2118,Sake,211811,Refined sake,364
29819,2997,14,17,1945,580,580,1,21,Liquor,2113,Beer,211312,New genre,252
29887,3003,14,18,1743,1385,1385,1,21,Liquor,2113,Beer,211311,Beer,22
29906,3004,14,10,1616,150,150,1,21,Liquor,2113,Beer,211312,New genre,252
29917,3005,14,18,1103,105,105,1,21,Liquor,2114,Liqueur,211412,Cocktail/ Cocktail of Japanese spirits,79
29918,3005,14,18,1103,260,130,2,21,Liquor,2114,Liqueur,211412,Cocktail/ Cocktail of Japanese spirits,79
29923,3005,14,18,1103,160,160,1,21,Liquor,2114,Liqueur,211412,Cocktail/ Cocktail of Japanese spirits,79
29949,3009,14,19,1660,1045,1045,1,21,Liquor,2118,Sake,211811,Refined sake,364
30024,3015,14,20,1600,495,495,1,21,Liquor,2115,Wine,211513,Imported wine,181
30025,3015,14,20,1600,645,645,1,21,Liquor,2113,Beer,211312,New genre,252
30125,3026,14,11,1324,840,840,1,21,Liquor,2117,Shochu,211712,Korui-Shochu,217
30150,3031,14,10,1379,200,100,2,21,Liquor,2113,Beer,211312,New genre,252
30151,3031,14,10,1379,175,175,1,21,Liquor,2113,Beer,211311,Beer,22
30167,3034,14,13,1174,300,150,2,21,Liquor,2114,Liqueur,211412,Cocktail/ Cocktail of Japanese spirits,79
30260,3042,14,14,1359,115,115,1,21,Liquor,2116,Liquor and etc.,211612,Ice,175
30312,3046,14,15,1539,205,205,1,21,Liquor,2114,Liqueur,211412,Cocktail/ Cocktail of Japanese spirits,79
30319,3047,14,15,1563,115,115,1,21,Liquor,2116,Liquor and etc.,211612,Ice,175
30365,3052,14,16,1296,115,115,1,21,Liquor,2116,Liquor and etc.,211612,Ice,175
30366,3052,14,16,1296,130,130,1,21,Liquor,2114,Liqueur,211412,Cocktail/ Cocktail of Japanese spirits,79
30402,3055,14,16,1475,115,115,1,21,Liquor,2116,Liquor and etc.,211612,Ice,175
30451,3058,14,17,1360,890,890,1,21,Liquor,2113,Beer,211312,New genre,252
30463,3061,14,17,1210,230,115,2,21,Liquor,2113,Beer,211312,New genre,252
30507,3064,14,17,1766,1200,1200,1,21,Liquor,2117,Shochu,211712,Korui-Shochu,217
30570,3070,14,18,1074,450,150,3,21,Liquor,2113,Beer,211312,New genre,252
30571,3070,14,18,1074,300,150,2,21,Liquor,2113,Beer,211312,New genre,252
30581,3071,14,18,1877,175,175,1,21,Liquor,2114,Liqueur,211412,Cocktail/ Cocktail of Japanese spirits,79
30593,3073,14,18,1023,140,140,1,21,Liquor,2114,Liqueur,211412,Cocktail/ Cocktail of Japanese spirits,79
30607,3074,14,18,1165,115,115,1,21,Liquor,2116,Liquor and etc.,211612,Ice,175
30609,3074,14,18,1165,140,140,1,21,Liquor,2113,Beer,211312,New genre,252
30610,3074,14,18,1165,150,150,1,21,Liquor,2112,Non-alcoholic drinks,211212,Alcohol-free beer,1
30612,3074,14,18,1165,520,520,1,21,Liquor,2117,Shochu,211712,Korui-Shochu,217
30621,3076,14,18,1514,165,165,1,21,Liquor,2113,Beer,211312,New genre,252
30624,3076,14,18,1514,560,560,1,21,Liquor,2115,Wine,211513,Imported wine,181
30674,3084,14,15,1934,310,155,2,21,Liquor,2114,Liqueur,211412,Cocktail/ Cocktail of Japanese spirits,79
30675,3084,14,15,1934,180,180,1,21,Liquor,2114,Liqueur,211412,Cocktail/ Cocktail of Japanese spirits,79
30677,3084,14,15,1934,645,645,1,21,Liquor,2113,Beer,211312,New genre,252
30920,3103,14,13,1343,760,380,2,21,Liquor,2115,Wine,211512,Japanese wine,208
31060,3114,14,16,1962,120,120,1,21,Liquor,2113,Beer,211312,New genre,252
31066,3114,14,16,1962,250,250,1,21,Liquor,2113,Beer,211311,Beer,22
31090,3116,14,17,1996,1030,1030,1,21,Liquor,2115,Wine,211513,Imported wine,181
31174,3123,14,18,1020,85,85,1,21,Liquor,2113,Beer,211312,New genre,252
31181,3123,14,18,1020,120,120,1,21,Liquor,2113,Beer,211312,New genre,252
31259,3131,14,19,1307,190,190,1,21,Liquor,2113,Beer,211311,Beer,22
31260,3131,14,19,1307,210,210,1,21,Liquor,2118,Sake,211811,Refined sake,364
31292,3132,14,20,1055,235,235,1,21,Liquor,2115,Wine,211512,Japanese wine,208
31311,3134,14,20,1372,115,115,1,21,Liquor,2116,Liquor and etc.,211612,Ice,175
31354,3138,14,21,1109,1480,1480,1,21,Liquor,2113,Beer,211311,Beer,22
31396,3142,14,21,1494,115,115,1,21,Liquor,2116,Liquor and etc.,211612,Ice,175
31406,3142,14,21,1494,1520,1520,1,21,Liquor,2117,Shochu,211712,Korui-Shochu,217
31448,3147,14,11,1464,150,150,1,21,Liquor,2112,Non-alcoholic drinks,211212,Alcohol-free beer,1
31501,3154,14,12,1256,105,105,1,21,Liquor,2114,Liqueur,211412,Cocktail/ Cocktail of Japanese spirits,79
31514,3154,14,12,1256,1025,1025,1,21,Liquor,2113,Beer,211311,Beer,22
31519,3155,14,12,1388,95,95,1,21,Liquor,2114,Liqueur,211412,Cocktail/ Cocktail of Japanese spirits,79
31524,3155,14,12,1388,120,120,1,21,Liquor,2113,Beer,211312,New genre,252
31531,3155,14,12,1388,190,190,1,21,Liquor,2113,Beer,211311,Beer,22
31549,3157,14,13,1705,890,890,1,21,Liquor,2113,Beer,211312,New genre,252
31553,3158,14,13,1745,105,105,1,21,Liquor,2116,Liquor and etc.,211612,Ice,175
31554,3158,14,13,1745,115,115,1,21,Liquor,2116,Liquor and etc.,211612,Ice,175
31587,3160,14,13,1045,190,190,1,21,Liquor,2114,Liqueur,211412,Cocktail/ Cocktail of Japanese spirits,79
31594,3161,14,13,1496,115,115,1,21,Liquor,2116,Liquor and etc.,211612,Ice,175
31626,3164,14,14,1695,115,115,1,21,Liquor,2116,Liquor and etc.,211611,Mixer,241
31648,3165,14,14,1754,155,155,1,21,Liquor,2114,Liqueur,211412,Cocktail/ Cocktail of Japanese spirits,79
31649,3165,14,14,1754,155,155,1,21,Liquor,2114,Liqueur,211412,Cocktail/ Cocktail of Japanese spirits,79
31665,3167,14,14,1154,115,115,1,21,Liquor,2116,Liquor and etc.,211612,Ice,175
31666,3167,14,14,1154,115,115,1,21,Liquor,2116,Liquor and etc.,211612,Ice,175
31672,3167,14,14,1154,360,180,2,21,Liquor,2116,Liquor and etc.,211611,Mixer,241
31682,3167,14,14,1154,1590,1590,1,21,Liquor,2113,Beer,211311,Beer,22
31691,3168,14,14,1914,130,130,1,21,Liquor,2114,Liqueur,211412,Cocktail/ Cocktail of Japanese spirits,79
31692,3168,14,14,1914,130,130,1,21,Liquor,2114,Liqueur,211412,Cocktail/ Cocktail of Japanese spirits,79
31693,3168,14,14,1914,130,130,1,21,Liquor,2114,Liqueur,211412,Cocktail/ Cocktail of Japanese spirits,79
31694,3168,14,14,1914,130,130,1,21,Liquor,2114,Liqueur,211412,Cocktail/ Cocktail of Japanese spirits,79
31704,3168,14,14,1914,645,645,1,21,Liquor,2112,Non-alcoholic drinks,211212,Alcohol-free beer,1
31705,3168,14,14,1914,740,740,1,21,Liquor,2115,Wine,211511,Sparkling wine,414
31706,3168,14,14,1914,980,980,1,21,Liquor,2117,Shochu,211711,Otsurui-Shochu,318
31711,3169,14,14,1748,345,345,1,21,Liquor,2113,Beer,211311,Beer,22
31713,3169,14,14,1748,2840,2840,1,21,Liquor,2117,Shochu,211711,Otsurui-Shochu,318
31863,3181,14,16,1559,900,900,1,21,Liquor,2115,Wine,211513,Imported wine,181
31869,3182,14,16,1731,445,445,1,21,Liquor,2114,Liqueur,211414,Plum wine,337
31927,3190,14,17,1434,115,115,1,21,Liquor,2114,Liqueur,211412,Cocktail/ Cocktail of Japanese spirits,79
32051,3199,14,18,1050,100,100,1,21,Liquor,2112,Non-alcoholic drinks,211211,Alcohol-free cocktails,2
32070,3201,14,18,1937,95,95,1,21,Liquor,2114,Liqueur,211412,Cocktail/ Cocktail of Japanese spirits,79
32072,3201,14,18,1937,120,120,1,21,Liquor,2113,Beer,211312,New genre,252
32125,3205,14,19,1576,155,155,1,21,Liquor,2114,Liqueur,211412,Cocktail/ Cocktail of Japanese spirits,79
32462,3238,15,12,1300,2570,1285,2,21,Liquor,2118,Sake,211811,Refined sake,364
32652,3250,15,14,1727,1185,1185,1,21,Liquor,2113,Beer,211311,Beer,22
32659,3252,15,14,1995,345,115,3,21,Liquor,2113,Beer,211312,New genre,252
32697,3256,15,16,1620,580,580,1,21,Liquor,2113,Beer,211312,New genre,252
32716,3257,15,16,1565,2610,1305,2,21,Liquor,2113,Beer,211311,Beer,22
32792,3263,15,17,1863,100,100,1,21,Liquor,2116,Liquor and etc.,211611,Mixer,241
32797,3263,15,17,1863,1095,1095,1,21,Liquor,2117,Shochu,211711,Otsurui-Shochu,318
32798,3263,15,17,1863,1190,1190,1,21,Liquor,2113,Beer,211311,Beer,22
32813,3267,15,18,1483,185,185,1,21,Liquor,2116,Liquor and etc.,211612,Ice,175
32820,3268,15,18,1082,105,105,1,21,Liquor,2114,Liqueur,211412,Cocktail/ Cocktail of Japanese spirits,79
32846,3269,15,18,1020,345,345,1,21,Liquor,2113,Beer,211311,Beer,22
32854,3270,15,18,1962,120,120,1,21,Liquor,2113,Beer,211312,New genre,252
32859,3270,15,18,1962,250,250,1,21,Liquor,2113,Beer,211311,Beer,22
32867,3271,15,18,1295,155,155,1,21,Liquor,2114,Liqueur,211412,Cocktail/ Cocktail of Japanese spirits,79
32903,3277,15,19,1707,130,130,1,21,Liquor,2113,Beer,211313,Low-malt beer,226
32905,3277,15,19,1707,150,150,1,21,Liquor,2113,Beer,211312,New genre,252
32909,3277,15,19,1707,190,190,1,21,Liquor,2113,Beer,211311,Beer,22
32910,3277,15,19,1707,190,190,1,21,Liquor,2113,Beer,211311,Beer,22
32912,3277,15,19,1707,250,250,1,21,Liquor,2113,Beer,211311,Beer,22
32926,3279,15,20,1007,755,755,1,21,Liquor,2115,Wine,211512,Japanese wine,208
33069,3293,15,11,1928,500,250,2,21,Liquor,2113,Beer,211311,Beer,22
33072,3294,15,11,1417,230,115,2,21,Liquor,2114,Liqueur,211412,Cocktail/ Cocktail of Japanese spirits,79
33073,3294,15,11,1417,115,115,1,21,Liquor,2114,Liqueur,211412,Cocktail/ Cocktail of Japanese spirits,79
33074,3294,15,11,1417,230,115,2,21,Liquor,2114,Liqueur,211412,Cocktail/ Cocktail of Japanese spirits,79
33146,3305,15,14,1758,200,100,2,21,Liquor,2116,Liquor and etc.,211611,Mixer,241
33164,3307,15,15,1734,250,250,1,21,Liquor,2113,Beer,211311,Beer,22
33165,3307,15,15,1734,250,250,1,21,Liquor,2113,Beer,211311,Beer,22
33166,3307,15,15,1734,265,265,1,21,Liquor,2113,Beer,211311,Beer,22
33172,3308,15,15,1672,140,140,1,21,Liquor,2114,Liqueur,211412,Cocktail/ Cocktail of Japanese spirits,79
33174,3308,15,15,1672,190,190,1,21,Liquor,2114,Liqueur,211412,Cocktail/ Cocktail of Japanese spirits,79
33324,3320,15,16,1370,650,650,1,21,Liquor,2114,Liqueur,211413,Liqueur,221
33458,3331,15,18,1937,185,185,1,21,Liquor,2116,Liquor and etc.,211612,Ice,175
33460,3331,15,18,1937,580,580,1,21,Liquor,2113,Beer,211312,New genre,252
33528,3338,15,20,1504,170,170,1,21,Liquor,2116,Liquor and etc.,211612,Ice,175
33529,3338,15,20,1504,185,185,1,21,Liquor,2116,Liquor and etc.,211612,Ice,175
33606,3344,15,9,1392,190,190,1,21,Liquor,2117,Shochu,211712,Korui-Shochu,217
33607,3344,15,9,1392,380,190,2,21,Liquor,2117,Shochu,211712,Korui-Shochu,217
33649,3348,15,10,1275,275,275,1,21,Liquor,2118,Sake,211811,Refined sake,364
33762,3359,15,13,1926,185,185,1,21,Liquor,2116,Liquor and etc.,211612,Ice,175
33784,3361,15,12,1359,100,100,1,21,Liquor,2113,Beer,211312,New genre,252
33785,3361,15,12,1359,130,130,1,21,Liquor,2113,Beer,211313,Low-malt beer,226
33786,3361,15,12,1359,130,130,1,21,Liquor,2113,Beer,211313,Low-malt beer,226
33798,3362,15,14,1023,120,120,1,21,Liquor,2114,Liqueur,211412,Cocktail/ Cocktail of Japanese spirits,79
33876,3368,15,16,1875,105,105,1,21,Liquor,2114,Liqueur,211412,Cocktail/ Cocktail of Japanese spirits,79
33877,3368,15,16,1875,260,130,2,21,Liquor,2114,Liqueur,211412,Cocktail/ Cocktail of Japanese spirits,79
33902,3370,15,16,1708,155,155,1,21,Liquor,2114,Liqueur,211412,Cocktail/ Cocktail of Japanese spirits,79
33917,3372,15,17,1474,150,150,1,21,Liquor,2114,Liqueur,211412,Cocktail/ Cocktail of Japanese spirits,79
33918,3372,15,17,1474,150,150,1,21,Liquor,2114,Liqueur,211412,Cocktail/ Cocktail of Japanese spirits,79
33924,3372,15,17,1474,1190,1190,1,21,Liquor,2113,Beer,211311,Beer,22
33925,3372,15,17,1474,1610,1610,1,21,Liquor,2113,Beer,211311,Beer,22
33932,3374,15,17,1888,640,640,1,21,Liquor,2113,Beer,211312,New genre,252
34115,3389,15,18,1583,100,100,1,21,Liquor,2116,Liquor and etc.,211611,Mixer,241
34117,3389,15,18,1583,145,145,1,21,Liquor,2114,Liqueur,211414,Plum wine,337
34118,3389,15,18,1583,190,190,1,21,Liquor,2118,Sake,211811,Refined sake,364
34119,3389,15,18,1583,285,285,1,21,Liquor,2119,Wines and spirits,211911,Whisky,450
34132,3392,15,18,1273,1050,1050,1,21,Liquor,2113,Beer,211311,Beer,22
34141,3395,15,19,1307,190,190,1,21,Liquor,2113,Beer,211311,Beer,22
34142,3395,15,19,1307,210,210,1,21,Liquor,2118,Sake,211811,Refined sake,364
34152,3397,15,19,1059,185,185,1,21,Liquor,2116,Liquor and etc.,211612,Ice,175
34158,3398,15,19,1115,120,120,1,21,Liquor,2113,Beer,211312,New genre,252
34160,3398,15,19,1115,160,160,1,21,Liquor,2114,Liqueur,211412,Cocktail/ Cocktail of Japanese spirits,79
34162,3399,15,19,1803,120,120,1,21,Liquor,2113,Beer,211312,New genre,252
34163,3399,15,19,1803,140,140,1,21,Liquor,2113,Beer,211312,New genre,252
34211,3401,15,20,1567,110,110,1,21,Liquor,2112,Non-alcoholic drinks,211212,Alcohol-free beer,1
34232,3402,15,20,1822,860,860,1,21,Liquor,2115,Wine,211512,Japanese wine,208
34268,3406,15,20,1576,140,140,1,21,Liquor,2113,Beer,211312,New genre,252
34270,3407,15,20,1703,115,115,1,21,Liquor,2114,Liqueur,211412,Cocktail/ Cocktail of Japanese spirits,79
34389,3418,15,12,1256,645,645,1,21,Liquor,2113,Beer,211312,New genre,252
34405,3420,15,14,1815,115,115,1,21,Liquor,2114,Liqueur,211412,Cocktail/ Cocktail of Japanese spirits,79
34406,3420,15,14,1815,115,115,1,21,Liquor,2114,Liqueur,211412,Cocktail/ Cocktail of Japanese spirits,79
34409,3421,15,14,1029,185,185,1,21,Liquor,2116,Liquor and etc.,211612,Ice,175
34410,3421,15,14,1029,1190,1190,1,21,Liquor,2113,Beer,211311,Beer,22
34454,3425,15,16,1460,1050,1050,1,21,Liquor,2115,Wine,211512,Japanese wine,208
34489,3429,15,17,1782,300,150,2,21,Liquor,2113,Beer,211312,New genre,252
34523,3432,15,17,1302,120,120,1,21,Liquor,2113,Beer,211312,New genre,252
34552,3436,15,19,1411,695,695,1,21,Liquor,2118,Sake,211811,Refined sake,364
34559,3437,15,19,1982,230,115,2,21,Liquor,2113,Beer,211312,New genre,252
34563,3437,15,19,1982,165,165,1,21,Liquor,2113,Beer,211312,New genre,252
34590,3439,15,19,1813,190,190,1,21,Liquor,2113,Beer,211311,Beer,22
34591,3439,15,19,1813,190,190,1,21,Liquor,2113,Beer,211311,Beer,22
34592,3439,15,19,1813,190,190,1,21,Liquor,2113,Beer,211311,Beer,22
34636,3443,15,9,1044,105,105,1,21,Liquor,2114,Liqueur,211412,Cocktail/ Cocktail of Japanese spirits,79
34637,3443,15,9,1044,105,105,1,21,Liquor,2114,Liqueur,211412,Cocktail/ Cocktail of Japanese spirits,79
34638,3443,15,9,1044,105,105,1,21,Liquor,2114,Liqueur,211412,Cocktail/ Cocktail of Japanese spirits,79
34730,3451,15,11,1388,95,95,1,21,Liquor,2114,Liqueur,211412,Cocktail/ Cocktail of Japanese spirits,79
34733,3451,15,11,1388,105,105,1,21,Liquor,2114,Liqueur,211412,Cocktail/ Cocktail of Japanese spirits,79
34734,3451,15,11,1388,120,120,1,21,Liquor,2113,Beer,211312,New genre,252
34736,3451,15,11,1388,190,190,1,21,Liquor,2113,Beer,211311,Beer,22
34755,3454,15,11,1948,230,115,2,21,Liquor,2116,Liquor and etc.,211611,Mixer,241
34756,3454,15,11,1948,230,115,2,21,Liquor,2116,Liquor and etc.,211611,Mixer,241
34793,3459,15,16,1379,185,185,1,21,Liquor,2116,Liquor and etc.,211612,Ice,175
34846,3464,15,17,1104,105,105,1,21,Liquor,2114,Liqueur,211412,Cocktail/ Cocktail of Japanese spirits,79
34882,3468,15,18,1748,900,900,1,21,Liquor,2117,Shochu,211711,Otsurui-Shochu,318
34900,3470,15,18,1688,575,575,1,21,Liquor,2113,Beer,211312,New genre,252
34956,3475,16,12,1934,310,155,2,21,Liquor,2114,Liqueur,211412,Cocktail/ Cocktail of Japanese spirits,79
35026,3482,16,15,1822,2880,2880,1,21,Liquor,2117,Shochu,211711,Otsurui-Shochu,318
35036,3484,16,16,1090,100,100,1,21,Liquor,2113,Beer,211312,New genre,252
35037,3484,16,16,1090,175,175,1,21,Liquor,2113,Beer,211311,Beer,22
35060,3485,16,16,1176,980,980,1,21,Liquor,2118,Sake,211811,Refined sake,364
35175,3495,16,18,1259,185,185,1,21,Liquor,2116,Liquor and etc.,211612,Ice,175
35177,3495,16,18,1259,645,645,1,21,Liquor,2118,Sake,211811,Refined sake,364
35191,3497,16,18,1343,185,185,1,21,Liquor,2116,Liquor and etc.,211612,Ice,175
35193,3497,16,18,1343,700,700,1,21,Liquor,2113,Beer,211313,Low-malt beer,226
35216,3499,16,19,1020,100,100,1,21,Liquor,2116,Liquor and etc.,211611,Mixer,241
35229,3500,16,19,1360,890,890,1,21,Liquor,2113,Beer,211312,New genre,252
35257,3504,16,20,1575,210,105,2,21,Liquor,2114,Liqueur,211412,Cocktail/ Cocktail of Japanese spirits,79
35284,3507,16,20,1885,230,115,2,21,Liquor,2116,Liquor and etc.,211611,Mixer,241
35341,3514,16,20,1325,185,185,1,21,Liquor,2113,Beer,211311,Beer,22
35342,3514,16,20,1325,220,220,1,21,Liquor,2113,Beer,211311,Beer,22
35363,3519,16,21,1074,450,150,3,21,Liquor,2113,Beer,211312,New genre,252
35398,3522,16,21,1600,105,105,1,21,Liquor,2114,Liqueur,211412,Cocktail/ Cocktail of Japanese spirits,79
35399,3522,16,21,1600,105,105,1,21,Liquor,2114,Liqueur,211412,Cocktail/ Cocktail of Japanese spirits,79
35400,3522,16,21,1600,105,105,1,21,Liquor,2114,Liqueur,211412,Cocktail/ Cocktail of Japanese spirits,79
35403,3522,16,21,1600,650,650,1,21,Liquor,2113,Beer,211312,New genre,252
35419,3526,16,10,1700,185,185,1,21,Liquor,2116,Liquor and etc.,211612,Ice,175
35460,3530,16,12,1622,580,580,1,21,Liquor,2113,Beer,211312,New genre,252
35463,3531,16,13,1083,570,190,3,21,Liquor,2115,Wine,211514,OthersWine,316
35535,3537,16,13,1324,840,840,1,21,Liquor,2117,Shochu,211712,Korui-Shochu,217
35565,3540,16,14,1159,105,105,1,21,Liquor,2113,Beer,211312,New genre,252
35566,3540,16,14,1159,120,120,1,21,Liquor,2113,Beer,211312,New genre,252
35587,3544,16,14,1987,210,105,2,21,Liquor,2114,Liqueur,211412,Cocktail/ Cocktail of Japanese spirits,79
35621,3548,16,15,1319,130,130,1,21,Liquor,2114,Liqueur,211412,Cocktail/ Cocktail of Japanese spirits,79
35624,3548,16,15,1319,180,180,1,21,Liquor,2114,Liqueur,211412,Cocktail/ Cocktail of Japanese spirits,79
35728,3560,16,17,1497,150,150,1,21,Liquor,2113,Beer,211312,New genre,252
35729,3560,16,17,1497,155,155,1,21,Liquor,2114,Liqueur,211412,Cocktail/ Cocktail of Japanese spirits,79
35732,3560,16,17,1497,860,860,1,21,Liquor,2115,Wine,211512,Japanese wine,208
35796,3567,16,18,1628,100,100,1,21,Liquor,2112,Non-alcoholic drinks,211211,Alcohol-free cocktails,2
35797,3567,16,18,1628,105,105,1,21,Liquor,2114,Liqueur,211412,Cocktail/ Cocktail of Japanese spirits,79
35879,3578,16,19,1995,200,100,2,21,Liquor,2113,Beer,211312,New genre,252
35880,3578,16,19,1995,100,100,1,21,Liquor,2113,Beer,211312,New genre,252
35889,3579,16,13,1937,185,185,1,21,Liquor,2116,Liquor and etc.,211612,Ice,175
35942,3585,16,10,1005,300,150,2,21,Liquor,2113,Beer,211312,New genre,252
36042,3597,16,17,1571,100,100,1,21,Liquor,2113,Beer,211312,New genre,252
36206,3617,16,20,1692,100,100,1,21,Liquor,2113,Beer,211312,New genre,252
36207,3617,16,20,1692,140,140,1,21,Liquor,2113,Beer,211312,New genre,252
36274,3625,16,9,1420,380,190,2,21,Liquor,2113,Beer,211311,Beer,22
36275,3625,16,9,1420,190,190,1,21,Liquor,2113,Beer,211311,Beer,22
36302,3628,16,11,1256,105,105,1,21,Liquor,2114,Liqueur,211412,Cocktail/ Cocktail of Japanese spirits,79
36303,3628,16,11,1256,105,105,1,21,Liquor,2114,Liqueur,211412,Cocktail/ Cocktail of Japanese spirits,79
36308,3628,16,11,1256,1025,1025,1,21,Liquor,2113,Beer,211311,Beer,22
36316,3629,16,11,1388,100,100,1,21,Liquor,2113,Beer,211312,New genre,252
36319,3629,16,11,1388,105,105,1,21,Liquor,2114,Liqueur,211412,Cocktail/ Cocktail of Japanese spirits,79
36322,3629,16,11,1388,120,120,1,21,Liquor,2113,Beer,211312,New genre,252
36328,3629,16,11,1388,190,190,1,21,Liquor,2113,Beer,211311,Beer,22
36410,3637,16,13,1481,210,105,2,21,Liquor,2114,Liqueur,211412,Cocktail/ Cocktail of Japanese spirits,79
36423,3637,16,13,1481,890,890,1,21,Liquor,2113,Beer,211312,New genre,252
36436,3640,16,13,1117,1025,1025,1,21,Liquor,2113,Beer,211311,Beer,22
36483,3644,16,14,1168,300,100,3,21,Liquor,2113,Beer,211312,New genre,252
36553,3649,16,17,1775,105,105,1,21,Liquor,2114,Liqueur,211412,Cocktail/ Cocktail of Japanese spirits,79
36554,3649,16,17,1775,115,115,1,21,Liquor,2114,Liqueur,211412,Cocktail/ Cocktail of Japanese spirits,79
36555,3649,16,17,1775,115,115,1,21,Liquor,2114,Liqueur,211412,Cocktail/ Cocktail of Japanese spirits,79
36556,3649,16,17,1775,115,115,1,21,Liquor,2114,Liqueur,211412,Cocktail/ Cocktail of Japanese spirits,79
36632,3656,16,17,1746,105,105,1,21,Liquor,2114,Liqueur,211412,Cocktail/ Cocktail of Japanese spirits,79
36634,3656,16,17,1746,1485,1485,1,21,Liquor,2117,Shochu,211711,Otsurui-Shochu,318
36676,3661,16,18,1483,185,185,1,21,Liquor,2116,Liquor and etc.,211612,Ice,175
36692,3663,16,18,1590,800,800,1,21,Liquor,2115,Wine,211513,Imported wine,181
36698,3664,16,18,1962,120,120,1,21,Liquor,2113,Beer,211312,New genre,252
36700,3664,16,18,1962,250,250,1,21,Liquor,2113,Beer,211311,Beer,22
36705,3665,16,18,1517,200,200,1,21,Liquor,2113,Beer,211313,Low-malt beer,226
36746,3670,16,19,1047,580,580,1,21,Liquor,2113,Beer,211312,New genre,252
36772,3673,16,19,1327,1150,1150,1,21,Liquor,2119,Wines and spirits,211911,Whisky,450
37018,3701,16,17,1815,150,150,1,21,Liquor,2114,Liqueur,211412,Cocktail/ Cocktail of Japanese spirits,79
37019,3701,16,17,1815,155,155,1,21,Liquor,2114,Liqueur,211412,Cocktail/ Cocktail of Japanese spirits,79
37036,3703,17,11,1180,85,85,1,21,Liquor,2113,Beer,211312,New genre,252
37459,3737,17,18,1498,280,140,2,21,Liquor,2113,Beer,211312,New genre,252
37476,3739,17,18,1086,105,105,1,21,Liquor,2114,Liqueur,211412,Cocktail/ Cocktail of Japanese spirits,79
37479,3739,17,18,1086,155,155,1,21,Liquor,2114,Liqueur,211412,Cocktail/ Cocktail of Japanese spirits,79
37480,3739,17,18,1086,155,155,1,21,Liquor,2114,Liqueur,211412,Cocktail/ Cocktail of Japanese spirits,79
37535,3743,17,18,1914,300,150,2,21,Liquor,2112,Non-alcoholic drinks,211212,Alcohol-free beer,1
37549,3744,17,14,1643,200,200,1,21,Liquor,2113,Beer,211311,Beer,22
37568,3745,17,18,1590,905,905,1,21,Liquor,2115,Wine,211513,Imported wine,181
37611,3750,17,19,1360,890,890,1,21,Liquor,2113,Beer,211312,New genre,252
37727,3762,17,20,1820,185,185,1,21,Liquor,2116,Liquor and etc.,211612,Ice,175
37748,3764,17,20,1974,480,480,1,21,Liquor,2115,Wine,211514,OthersWine,316
37857,3776,17,11,1385,95,95,1,21,Liquor,2114,Liqueur,211412,Cocktail/ Cocktail of Japanese spirits,79
37858,3776,17,11,1385,95,95,1,21,Liquor,2114,Liqueur,211412,Cocktail/ Cocktail of Japanese spirits,79
37861,3776,17,11,1385,155,155,1,21,Liquor,2114,Liqueur,211412,Cocktail/ Cocktail of Japanese spirits,79
37990,3791,17,12,1708,250,250,1,21,Liquor,2113,Beer,211311,Beer,22
38011,3794,17,13,1622,580,580,1,21,Liquor,2113,Beer,211312,New genre,252
38196,3817,17,16,1555,1050,1050,1,21,Liquor,2113,Beer,211311,Beer,22
38212,3820,17,16,1465,200,100,2,21,Liquor,2113,Beer,211312,New genre,252
38213,3820,17,16,1465,230,115,2,21,Liquor,2114,Liqueur,211412,Cocktail/ Cocktail of Japanese spirits,79
38242,3822,17,17,1319,130,130,1,21,Liquor,2114,Liqueur,211412,Cocktail/ Cocktail of Japanese spirits,79
38249,3822,17,17,1319,180,180,1,21,Liquor,2114,Liqueur,211412,Cocktail/ Cocktail of Japanese spirits,79
38299,3826,17,18,1848,200,100,2,21,Liquor,2116,Liquor and etc.,211611,Mixer,241
38325,3830,17,13,1937,105,105,1,21,Liquor,2114,Liqueur,211412,Cocktail/ Cocktail of Japanese spirits,79
38358,3833,17,19,1134,120,120,1,21,Liquor,2114,Liqueur,211412,Cocktail/ Cocktail of Japanese spirits,79
38359,3833,17,19,1134,120,120,1,21,Liquor,2114,Liqueur,211412,Cocktail/ Cocktail of Japanese spirits,79
38406,3838,17,20,1705,150,150,1,21,Liquor,2113,Beer,211312,New genre,252
38530,3856,17,17,1995,100,100,1,21,Liquor,2113,Beer,211312,New genre,252
38531,3856,17,17,1995,100,100,1,21,Liquor,2113,Beer,211312,New genre,252
38550,3858,17,17,1809,185,185,1,21,Liquor,2116,Liquor and etc.,211612,Ice,175
38559,3859,17,17,1435,155,155,1,21,Liquor,2114,Liqueur,211412,Cocktail/ Cocktail of Japanese spirits,79
38560,3859,17,17,1435,155,155,1,21,Liquor,2114,Liqueur,211412,Cocktail/ Cocktail of Japanese spirits,79
38686,3870,17,19,1576,105,105,1,21,Liquor,2114,Liqueur,211412,Cocktail/ Cocktail of Japanese spirits,79
38729,3876,17,20,1541,300,150,2,21,Liquor,2113,Beer,211312,New genre,252
38746,3879,17,21,1949,150,150,1,21,Liquor,2113,Beer,211312,New genre,252
38875,3889,17,13,1783,335,335,1,21,Liquor,2118,Sake,211811,Refined sake,364
38973,3899,17,12,1732,120,120,1,21,Liquor,2113,Beer,211312,New genre,252
39087,3910,17,17,1090,350,175,2,21,Liquor,2113,Beer,211311,Beer,22
39088,3910,17,17,1090,185,185,1,21,Liquor,2113,Beer,211311,Beer,22
39090,3910,17,17,1090,220,220,1,21,Liquor,2113,Beer,211311,Beer,22
39091,3910,17,17,1090,245,245,1,21,Liquor,2113,Beer,211311,Beer,22
39092,3910,17,17,1090,270,270,1,21,Liquor,2113,Beer,211311,Beer,22
39103,3911,17,17,1583,470,470,1,21,Liquor,2118,Sake,211811,Refined sake,364
39122,3914,17,18,1746,105,105,1,21,Liquor,2114,Liqueur,211412,Cocktail/ Cocktail of Japanese spirits,79
39235,3923,17,19,1051,580,580,1,21,Liquor,2113,Beer,211312,New genre,252
39243,3926,17,19,1226,100,100,1,21,Liquor,2116,Liquor and etc.,211611,Mixer,241
39245,3926,17,19,1226,140,140,1,21,Liquor,2113,Beer,211312,New genre,252
39246,3926,17,19,1226,140,140,1,21,Liquor,2113,Beer,211312,New genre,252
39247,3926,17,19,1226,150,150,1,21,Liquor,2112,Non-alcoholic drinks,211212,Alcohol-free beer,1
39257,3927,17,19,1881,185,185,1,21,Liquor,2116,Liquor and etc.,211612,Ice,175
39346,3937,17,10,1470,95,95,1,21,Liquor,2118,Sake,211811,Refined sake,364
39404,3944,17,11,1388,100,100,1,21,Liquor,2113,Beer,211312,New genre,252
39407,3944,17,11,1388,105,105,1,21,Liquor,2114,Liqueur,211412,Cocktail/ Cocktail of Japanese spirits,79
39408,3944,17,11,1388,120,120,1,21,Liquor,2113,Beer,211312,New genre,252
39411,3944,17,11,1388,190,190,1,21,Liquor,2113,Beer,211311,Beer,22
39461,3950,17,12,1704,260,130,2,21,Liquor,2113,Beer,211313,Low-malt beer,226
39507,3953,17,13,1256,100,100,1,21,Liquor,2113,Beer,211312,New genre,252
39509,3953,17,13,1256,120,120,1,21,Liquor,2113,Beer,211312,New genre,252
39517,3953,17,13,1256,1030,1030,1,21,Liquor,2113,Beer,211311,Beer,22
39544,3956,17,15,1876,2170,2170,1,21,Liquor,2119,Wines and spirits,211911,Whisky,450
39754,3976,18,13,1919,125,125,1,21,Liquor,2116,Liquor and etc.,211612,Ice,175
39755,3976,18,13,1919,140,140,1,21,Liquor,2116,Liquor and etc.,211612,Ice,175
39833,3987,18,17,1498,1235,1235,1,21,Liquor,2117,Shochu,211712,Korui-Shochu,217
39881,3994,18,18,1864,935,935,1,21,Liquor,2115,Wine,211513,Imported wine,181
39978,4003,18,19,1307,190,190,1,21,Liquor,2113,Beer,211311,Beer,22
39980,4003,18,19,1307,210,210,1,21,Liquor,2118,Sake,211811,Refined sake,364
39995,4005,18,20,1161,165,165,1,21,Liquor,2117,Shochu,211712,Korui-Shochu,217
39998,4006,18,20,1014,270,270,1,21,Liquor,2116,Liquor and etc.,211611,Mixer,241
40001,4008,18,20,1885,230,115,2,21,Liquor,2116,Liquor and etc.,211611,Mixer,241
40058,4014,18,21,1600,295,295,1,21,Liquor,2118,Sake,211811,Refined sake,364
40059,4014,18,21,1600,650,650,1,21,Liquor,2113,Beer,211312,New genre,252
40085,4017,18,10,1521,830,830,1,21,Liquor,2113,Beer,211312,New genre,252
40191,4027,18,12,1181,650,650,1,21,Liquor,2113,Beer,211312,New genre,252
40367,4041,18,16,1995,300,100,3,21,Liquor,2113,Beer,211312,New genre,252
40451,4047,18,12,1379,140,140,1,21,Liquor,2116,Liquor and etc.,211612,Ice,175
40536,4055,18,18,1583,150,150,1,21,Liquor,2113,Beer,211312,New genre,252
40538,4055,18,18,1583,955,955,1,21,Liquor,2119,Wines and spirits,211912,OthersWines and spirits,317
40559,4056,18,18,1299,140,140,1,21,Liquor,2116,Liquor and etc.,211612,Ice,175
40615,4062,18,19,1881,140,140,1,21,Liquor,2116,Liquor and etc.,211612,Ice,175
40692,4068,18,19,1705,115,115,1,21,Liquor,2114,Liqueur,211412,Cocktail/ Cocktail of Japanese spirits,79
40699,4069,18,20,1327,165,165,1,21,Liquor,2117,Shochu,211712,Korui-Shochu,217
40733,4072,18,20,1370,205,205,1,21,Liquor,2114,Liqueur,211412,Cocktail/ Cocktail of Japanese spirits,79
40734,4072,18,20,1370,205,205,1,21,Liquor,2114,Liqueur,211412,Cocktail/ Cocktail of Japanese spirits,79
40748,4075,18,9,1467,1290,645,2,21,Liquor,2118,Sake,211811,Refined sake,364
40779,4078,18,11,1388,120,120,1,21,Liquor,2113,Beer,211312,New genre,252
40785,4078,18,11,1388,190,190,1,21,Liquor,2113,Beer,211311,Beer,22
40803,4080,18,17,1628,105,105,1,21,Liquor,2114,Liqueur,211412,Cocktail/ Cocktail of Japanese spirits,79
40846,4083,18,17,1987,210,105,2,21,Liquor,2114,Liqueur,211412,Cocktail/ Cocktail of Japanese spirits,79
40872,4085,18,18,1793,190,190,1,21,Liquor,2117,Shochu,211712,Korui-Shochu,217
40891,4088,18,18,1020,115,115,1,21,Liquor,2114,Liqueur,211412,Cocktail/ Cocktail of Japanese spirits,79
40976,4094,18,18,1134,240,120,2,21,Liquor,2114,Liqueur,211412,Cocktail/ Cocktail of Japanese spirits,79
41052,4102,18,19,1687,230,115,2,21,Liquor,2114,Liqueur,211412,Cocktail/ Cocktail of Japanese spirits,79
41053,4102,18,19,1687,120,120,1,21,Liquor,2114,Liqueur,211412,Cocktail/ Cocktail of Japanese spirits,79
41061,4102,18,19,1687,650,650,1,21,Liquor,2113,Beer,211312,New genre,252
41109,4107,18,20,1576,155,155,1,21,Liquor,2114,Liqueur,211412,Cocktail/ Cocktail of Japanese spirits,79
41197,4121,18,11,1233,105,105,1,21,Liquor,2114,Liqueur,211412,Cocktail/ Cocktail of Japanese spirits,79
41311,4133,18,12,1154,140,140,1,21,Liquor,2116,Liquor and etc.,211612,Ice,175
41342,4136,18,13,1624,105,105,1,21,Liquor,2114,Liqueur,211412,Cocktail/ Cocktail of Japanese spirits,79
41343,4136,18,13,1624,210,105,2,21,Liquor,2114,Liqueur,211412,Cocktail/ Cocktail of Japanese spirits,79
41374,4140,18,15,1926,885,885,1,21,Liquor,2118,Sake,211811,Refined sake,364
41630,4164,18,18,1728,560,560,1,21,Liquor,2115,Wine,211513,Imported wine,181
41751,4176,18,19,1937,120,120,1,21,Liquor,2114,Liqueur,211412,Cocktail/ Cocktail of Japanese spirits,79
41752,4176,18,19,1937,120,120,1,21,Liquor,2113,Beer,211312,New genre,252
41802,4182,18,11,1952,380,190,2,21,Liquor,2113,Beer,211311,Beer,22
41862,4188,18,13,1070,2780,1390,2,21,Liquor,2113,Beer,211311,Beer,22
41886,4190,18,13,1478,1200,1200,1,21,Liquor,2117,Shochu,211712,Korui-Shochu,217
42106,4213,19,16,1641,1200,1200,1,21,Liquor,2117,Shochu,211712,Korui-Shochu,217
42153,4219,19,16,1497,150,150,1,21,Liquor,2113,Beer,211312,New genre,252
42154,4219,19,16,1497,155,155,1,21,Liquor,2114,Liqueur,211412,Cocktail/ Cocktail of Japanese spirits,79
42191,4222,19,17,1848,100,100,1,21,Liquor,2116,Liquor and etc.,211611,Mixer,241
42395,4240,19,20,1885,540,270,2,21,Liquor,2113,Beer,211311,Beer,22
42400,4241,19,20,1587,560,560,1,21,Liquor,2118,Sake,211811,Refined sake,364
42414,4243,19,20,1962,150,150,1,21,Liquor,2113,Beer,211312,New genre,252
42418,4243,19,20,1962,250,250,1,21,Liquor,2113,Beer,211311,Beer,22
42420,4244,19,20,1651,115,115,1,21,Liquor,2114,Liqueur,211412,Cocktail/ Cocktail of Japanese spirits,79
42424,4246,19,21,1074,450,150,3,21,Liquor,2113,Beer,211312,New genre,252
42450,4249,19,20,1832,735,105,7,21,Liquor,2113,Beer,211311,Beer,22
42620,4261,19,13,1056,855,855,1,21,Liquor,2115,Wine,211512,Japanese wine,208
42621,4261,19,13,1056,900,900,1,21,Liquor,2117,Shochu,211712,Korui-Shochu,217
42632,4262,19,14,1069,185,185,1,21,Liquor,2118,Sake,211811,Refined sake,364
42667,4265,19,15,1785,645,645,1,21,Liquor,2113,Beer,211312,New genre,252
42764,4277,19,17,1775,230,115,2,21,Liquor,2114,Liqueur,211412,Cocktail/ Cocktail of Japanese spirits,79
42769,4278,19,17,1762,105,105,1,21,Liquor,2114,Liqueur,211412,Cocktail/ Cocktail of Japanese spirits,79
42770,4278,19,17,1762,230,115,2,21,Liquor,2114,Liqueur,211412,Cocktail/ Cocktail of Japanese spirits,79
42838,4285,19,17,1369,100,100,1,21,Liquor,2113,Beer,211312,New genre,252
42839,4285,19,17,1369,140,140,1,21,Liquor,2113,Beer,211312,New genre,252
42849,4287,19,18,1161,595,595,1,21,Liquor,2117,Shochu,211712,Korui-Shochu,217
42869,4289,19,18,1734,190,190,1,21,Liquor,2113,Beer,211311,Beer,22
42872,4289,19,18,1734,245,245,1,21,Liquor,2113,Beer,211311,Beer,22
42873,4289,19,18,1734,270,270,1,21,Liquor,2113,Beer,211311,Beer,22
42966,4300,19,10,1275,270,270,1,21,Liquor,2113,Beer,211311,Beer,22
42967,4300,19,10,1275,270,270,1,21,Liquor,2113,Beer,211311,Beer,22
43073,4314,19,17,1755,140,140,1,21,Liquor,2113,Beer,211312,New genre,252
43083,4317,19,18,1006,580,580,1,21,Liquor,2113,Beer,211312,New genre,252
43128,4322,19,18,1914,300,150,2,21,Liquor,2112,Non-alcoholic drinks,211212,Alcohol-free beer,1
43139,4323,19,19,1438,105,105,1,21,Liquor,2114,Liqueur,211412,Cocktail/ Cocktail of Japanese spirits,79
43154,4326,19,19,1226,280,140,2,21,Liquor,2113,Beer,211312,New genre,252
43155,4326,19,19,1226,150,150,1,21,Liquor,2112,Non-alcoholic drinks,211212,Alcohol-free beer,1
43156,4326,19,19,1226,150,150,1,21,Liquor,2112,Non-alcoholic drinks,211212,Alcohol-free beer,1
43166,4328,19,19,1327,1150,1150,1,21,Liquor,2119,Wines and spirits,211911,Whisky,450
43192,4332,19,20,1654,115,115,1,21,Liquor,2114,Liqueur,211412,Cocktail/ Cocktail of Japanese spirits,79
43196,4332,19,20,1654,175,175,1,21,Liquor,2114,Liqueur,211412,Cocktail/ Cocktail of Japanese spirits,79
43197,4332,19,20,1654,175,175,1,21,Liquor,2114,Liqueur,211412,Cocktail/ Cocktail of Japanese spirits,79
43203,4332,19,20,1654,900,900,1,21,Liquor,2115,Wine,211513,Imported wine,181
43204,4332,19,20,1654,1135,1135,1,21,Liquor,2113,Beer,211311,Beer,22
43234,4336,19,20,1278,915,915,1,21,Liquor,2117,Shochu,211711,Otsurui-Shochu,318
43245,4338,19,21,1758,220,110,2,21,Liquor,2112,Non-alcoholic drinks,211212,Alcohol-free beer,1
43249,4339,19,21,1023,115,115,1,21,Liquor,2112,Non-alcoholic drinks,211211,Alcohol-free cocktails,2
43251,4339,19,21,1023,190,190,1,21,Liquor,2113,Beer,211311,Beer,22
43267,4343,19,11,1551,110,110,1,21,Liquor,2114,Liqueur,211412,Cocktail/ Cocktail of Japanese spirits,79
43268,4343,19,11,1551,115,115,1,21,Liquor,2114,Liqueur,211412,Cocktail/ Cocktail of Japanese spirits,79
43287,4345,19,11,1388,95,95,1,21,Liquor,2114,Liqueur,211412,Cocktail/ Cocktail of Japanese spirits,79
43294,4345,19,11,1388,100,100,1,21,Liquor,2113,Beer,211312,New genre,252
43295,4345,19,11,1388,105,105,1,21,Liquor,2114,Liqueur,211412,Cocktail/ Cocktail of Japanese spirits,79
43296,4345,19,11,1388,120,120,1,21,Liquor,2113,Beer,211312,New genre,252
43303,4345,19,11,1388,190,190,1,21,Liquor,2113,Beer,211311,Beer,22
43331,4348,19,12,1895,85,85,1,21,Liquor,2113,Beer,211312,New genre,252
43338,4348,19,12,1895,150,150,1,21,Liquor,2112,Non-alcoholic drinks,211212,Alcohol-free beer,1
43340,4348,19,12,1895,245,245,1,21,Liquor,2113,Beer,211311,Beer,22
43382,4353,19,12,1087,115,115,1,21,Liquor,2114,Liqueur,211412,Cocktail/ Cocktail of Japanese spirits,79
43385,4353,19,12,1087,175,175,1,21,Liquor,2114,Liqueur,211412,Cocktail/ Cocktail of Japanese spirits,79
43422,4356,19,13,1729,1190,1190,1,21,Liquor,2113,Beer,211311,Beer,22
43435,4357,19,13,1307,210,210,1,21,Liquor,2118,Sake,211811,Refined sake,364
43474,4363,19,14,1982,460,115,4,21,Liquor,2113,Beer,211312,New genre,252
43503,4364,19,14,1256,1025,1025,1,21,Liquor,2113,Beer,211311,Beer,22
43552,4370,19,15,1420,190,190,1,21,Liquor,2113,Beer,211311,Beer,22
43553,4370,19,15,1420,380,190,2,21,Liquor,2113,Beer,211311,Beer,22
43573,4372,19,17,1844,95,95,1,21,Liquor,2118,Sake,211811,Refined sake,364
43645,4380,19,18,1746,105,105,1,21,Liquor,2114,Liqueur,211412,Cocktail/ Cocktail of Japanese spirits,79
43647,4380,19,18,1746,1485,1485,1,21,Liquor,2117,Shochu,211711,Otsurui-Shochu,318
43660,4382,19,18,1243,105,105,1,21,Liquor,2114,Liqueur,211412,Cocktail/ Cocktail of Japanese spirits,79
43661,4382,19,18,1243,210,105,2,21,Liquor,2114,Liqueur,211412,Cocktail/ Cocktail of Japanese spirits,79
43662,4382,19,18,1243,210,105,2,21,Liquor,2114,Liqueur,211412,Cocktail/ Cocktail of Japanese spirits,79
43665,4382,19,18,1243,200,200,1,21,Liquor,2113,Beer,211311,Beer,22
43666,4382,19,18,1243,200,200,1,21,Liquor,2113,Beer,211311,Beer,22
43668,4382,19,18,1243,220,220,1,21,Liquor,2113,Beer,211311,Beer,22
43669,4382,19,18,1243,220,220,1,21,Liquor,2113,Beer,211311,Beer,22
43670,4382,19,18,1243,220,220,1,21,Liquor,2113,Beer,211311,Beer,22
43810,4400,19,12,1704,260,130,2,21,Liquor,2113,Beer,211313,Low-malt beer,226
43822,4401,19,12,1202,105,105,1,21,Liquor,2114,Liqueur,211412,Cocktail/ Cocktail of Japanese spirits,79
43825,4401,19,12,1202,130,130,1,21,Liquor,2114,Liqueur,211412,Cocktail/ Cocktail of Japanese spirits,79
43842,4402,19,12,1222,85,85,1,21,Liquor,2113,Beer,211312,New genre,252
43890,4408,19,16,1960,1200,1200,1,21,Liquor,2117,Shochu,211712,Korui-Shochu,217
43918,4411,19,16,1299,1150,1150,1,21,Liquor,2119,Wines and spirits,211911,Whisky,450
43993,4421,20,12,1117,2050,1025,2,21,Liquor,2113,Beer,211311,Beer,22
44033,4426,20,13,1504,185,185,1,21,Liquor,2116,Liquor and etc.,211612,Ice,175
44093,4432,20,16,1962,150,150,1,21,Liquor,2113,Beer,211312,New genre,252
44097,4432,20,16,1962,250,250,1,21,Liquor,2113,Beer,211311,Beer,22
44100,4433,20,16,1296,100,100,1,21,Liquor,2113,Beer,211312,New genre,252
44101,4433,20,16,1296,100,100,1,21,Liquor,2114,Liqueur,211412,Cocktail/ Cocktail of Japanese spirits,79
44106,4435,20,16,1934,310,155,2,21,Liquor,2114,Liqueur,211412,Cocktail/ Cocktail of Japanese spirits,79
44255,4447,20,18,1914,600,150,4,21,Liquor,2114,Liqueur,211412,Cocktail/ Cocktail of Japanese spirits,79
44256,4447,20,18,1914,300,150,2,21,Liquor,2114,Liqueur,211412,Cocktail/ Cocktail of Japanese spirits,79
44257,4447,20,18,1914,300,150,2,21,Liquor,2114,Liqueur,211412,Cocktail/ Cocktail of Japanese spirits,79
44329,4456,20,19,1226,140,140,1,21,Liquor,2113,Beer,211312,New genre,252
44330,4456,20,19,1226,520,520,1,21,Liquor,2117,Shochu,211712,Korui-Shochu,217
44357,4461,20,20,1885,230,115,2,21,Liquor,2116,Liquor and etc.,211611,Mixer,241
44393,4466,20,21,1705,95,95,1,21,Liquor,2114,Liqueur,211412,Cocktail/ Cocktail of Japanese spirits,79
44394,4466,20,21,1705,150,150,1,21,Liquor,2113,Beer,211312,New genre,252
44494,4479,20,12,1704,260,130,2,21,Liquor,2113,Beer,211313,Low-malt beer,226
44540,4481,20,8,1347,340,340,1,21,Liquor,2118,Sake,211811,Refined sake,364
44586,4485,20,13,1069,580,580,1,21,Liquor,2113,Beer,211312,New genre,252
44592,4486,20,13,1708,220,220,1,21,Liquor,2113,Beer,211311,Beer,22
44618,4489,20,14,1168,100,100,1,21,Liquor,2113,Beer,211312,New genre,252
44619,4489,20,14,1168,200,100,2,21,Liquor,2113,Beer,211312,New genre,252
44628,4490,20,15,1211,120,120,1,21,Liquor,2113,Beer,211312,New genre,252
44629,4490,20,15,1211,120,120,1,21,Liquor,2113,Beer,211312,New genre,252
44630,4490,20,15,1211,140,140,1,21,Liquor,2113,Beer,211312,New genre,252
44631,4490,20,15,1211,140,140,1,21,Liquor,2113,Beer,211312,New genre,252
44632,4490,20,15,1211,150,150,1,21,Liquor,2113,Beer,211312,New genre,252
44633,4490,20,15,1211,150,150,1,21,Liquor,2113,Beer,211312,New genre,252
44652,4491,20,15,1966,95,95,1,21,Liquor,2118,Sake,211811,Refined sake,364
44690,4494,20,16,1221,245,245,1,21,Liquor,2113,Beer,211311,Beer,22
44691,4494,20,16,1221,270,270,1,21,Liquor,2113,Beer,211311,Beer,22
44836,4509,20,18,1529,100,100,1,21,Liquor,2116,Liquor and etc.,211611,Mixer,241
44866,4512,20,18,1386,1045,1045,1,21,Liquor,2117,Shochu,211711,Otsurui-Shochu,318
44893,4516,20,19,1007,600,600,1,21,Liquor,2113,Beer,211312,New genre,252
44904,4518,20,19,1946,1030,1030,1,21,Liquor,2115,Wine,211513,Imported wine,181
44938,4521,20,19,1912,130,130,1,21,Liquor,2113,Beer,211313,Low-malt beer,226
44940,4521,20,19,1912,185,185,1,21,Liquor,2116,Liquor and etc.,211612,Ice,175
44967,4524,20,20,1074,1185,1185,1,21,Liquor,2118,Sake,211811,Refined sake,364
44976,4525,20,20,1360,890,890,1,21,Liquor,2113,Beer,211312,New genre,252
45107,4537,20,10,1388,105,105,1,21,Liquor,2114,Liqueur,211412,Cocktail/ Cocktail of Japanese spirits,79
45108,4537,20,10,1388,230,115,2,21,Liquor,2113,Beer,211312,New genre,252
45236,4551,20,14,1937,105,105,1,21,Liquor,2114,Liqueur,211412,Cocktail/ Cocktail of Japanese spirits,79
45241,4551,20,14,1937,170,170,1,21,Liquor,2116,Liquor and etc.,211612,Ice,175
45242,4551,20,14,1937,185,185,1,21,Liquor,2116,Liquor and etc.,211612,Ice,175
45245,4551,20,14,1937,580,580,1,21,Liquor,2113,Beer,211312,New genre,252
45258,4552,20,20,1930,105,105,1,21,Liquor,2114,Liqueur,211412,Cocktail/ Cocktail of Japanese spirits,79
45259,4552,20,20,1930,105,105,1,21,Liquor,2114,Liqueur,211412,Cocktail/ Cocktail of Japanese spirits,79
45260,4552,20,20,1930,115,115,1,21,Liquor,2112,Non-alcoholic drinks,211211,Alcohol-free cocktails,2
45276,4552,20,20,1930,650,650,1,21,Liquor,2113,Beer,211312,New genre,252
45285,4553,20,20,1875,105,105,1,21,Liquor,2114,Liqueur,211412,Cocktail/ Cocktail of Japanese spirits,79
45288,4553,20,20,1875,150,150,1,21,Liquor,2114,Liqueur,211412,Cocktail/ Cocktail of Japanese spirits,79
45320,4556,20,20,1370,645,645,1,21,Liquor,2114,Liqueur,211413,Liqueur,221
45323,4557,20,21,1435,120,120,1,21,Liquor,2114,Liqueur,211412,Cocktail/ Cocktail of Japanese spirits,79
45324,4557,20,21,1435,160,160,1,21,Liquor,2114,Liqueur,211412,Cocktail/ Cocktail of Japanese spirits,79
45467,4571,20,16,1761,185,185,1,21,Liquor,2116,Liquor and etc.,211612,Ice,175
45521,4579,20,16,1525,645,645,1,21,Liquor,2118,Sake,211811,Refined sake,364
45583,4586,20,17,1020,100,100,1,21,Liquor,2116,Liquor and etc.,211611,Mixer,241
45592,4586,20,17,1020,1525,1525,1,21,Liquor,2117,Shochu,211712,Korui-Shochu,217
45595,4587,20,17,1165,105,105,1,21,Liquor,2114,Liqueur,211412,Cocktail/ Cocktail of Japanese spirits,79
45596,4587,20,17,1165,105,105,1,21,Liquor,2114,Liqueur,211412,Cocktail/ Cocktail of Japanese spirits,79
45597,4587,20,17,1165,105,105,1,21,Liquor,2114,Liqueur,211412,Cocktail/ Cocktail of Japanese spirits,79
45598,4587,20,17,1165,120,120,1,21,Liquor,2114,Liqueur,211412,Cocktail/ Cocktail of Japanese spirits,79
45600,4587,20,17,1165,140,140,1,21,Liquor,2113,Beer,211312,New genre,252
45632,4591,20,18,1603,115,115,1,21,Liquor,2114,Liqueur,211412,Cocktail/ Cocktail of Japanese spirits,79
45642,4592,20,18,1718,105,105,1,21,Liquor,2114,Liqueur,211412,Cocktail/ Cocktail of Japanese spirits,79
45731,4601,20,19,1576,155,155,1,21,Liquor,2114,Liqueur,211412,Cocktail/ Cocktail of Japanese spirits,79
45790,4610,20,13,1481,210,105,2,21,Liquor,2114,Liqueur,211412,Cocktail/ Cocktail of Japanese spirits,79
45793,4610,20,13,1481,320,160,2,21,Liquor,2114,Liqueur,211412,Cocktail/ Cocktail of Japanese spirits,79
45803,4611,20,13,1729,110,110,1,21,Liquor,2112,Non-alcoholic drinks,211212,Alcohol-free beer,1
45850,4616,20,15,1658,860,860,1,21,Liquor,2115,Wine,211512,Japanese wine,208
45857,4617,20,15,1854,185,185,1,21,Liquor,2116,Liquor and etc.,211612,Ice,175
46133,4642,21,11,1622,580,580,1,21,Liquor,2113,Beer,211312,New genre,252
46170,4645,21,15,1256,105,105,1,21,Liquor,2114,Liqueur,211412,Cocktail/ Cocktail of Japanese spirits,79
46173,4645,21,15,1256,195,195,1,21,Liquor,2113,Beer,211311,Beer,22
46181,4645,21,15,1256,1025,1025,1,21,Liquor,2113,Beer,211311,Beer,22
46332,4658,21,11,1090,555,555,1,21,Liquor,2115,Wine,211513,Imported wine,181
46335,4659,21,18,1707,115,115,1,21,Liquor,2116,Liquor and etc.,211612,Ice,175
46357,4660,21,18,1848,405,405,1,21,Liquor,2114,Liqueur,211413,Liqueur,221
46358,4660,21,18,1848,580,580,1,21,Liquor,2113,Beer,211312,New genre,252
46359,4660,21,18,1848,850,850,1,21,Liquor,2113,Beer,211312,New genre,252
46425,4666,21,19,1576,150,150,1,21,Liquor,2114,Liqueur,211412,Cocktail/ Cocktail of Japanese spirits,79
46529,4675,21,21,1875,105,105,1,21,Liquor,2114,Liqueur,211412,Cocktail/ Cocktail of Japanese spirits,79
46530,4675,21,21,1875,115,115,1,21,Liquor,2116,Liquor and etc.,211612,Ice,175
46531,4675,21,21,1875,150,150,1,21,Liquor,2114,Liqueur,211412,Cocktail/ Cocktail of Japanese spirits,79
46549,4677,21,21,1435,105,105,1,21,Liquor,2114,Liqueur,211412,Cocktail/ Cocktail of Japanese spirits,79
46550,4677,21,21,1435,105,105,1,21,Liquor,2114,Liqueur,211412,Cocktail/ Cocktail of Japanese spirits,79
46551,4677,21,21,1435,105,105,1,21,Liquor,2114,Liqueur,211412,Cocktail/ Cocktail of Japanese spirits,79
46594,4684,21,11,1464,150,150,1,21,Liquor,2112,Non-alcoholic drinks,211212,Alcohol-free beer,1
46609,4687,21,11,1705,145,145,1,21,Liquor,2114,Liqueur,211412,Cocktail/ Cocktail of Japanese spirits,79
46610,4687,21,11,1705,145,145,1,21,Liquor,2114,Liqueur,211412,Cocktail/ Cocktail of Japanese spirits,79
46611,4687,21,11,1705,890,890,1,21,Liquor,2113,Beer,211312,New genre,252
46612,4687,21,11,1705,895,895,1,21,Liquor,2117,Shochu,211712,Korui-Shochu,217
46710,4698,21,14,1023,115,115,1,21,Liquor,2112,Non-alcoholic drinks,211211,Alcohol-free cocktails,2
46722,4699,21,14,1937,115,115,1,21,Liquor,2116,Liquor and etc.,211612,Ice,175
46727,4699,21,14,1937,100,100,1,21,Liquor,2113,Beer,211312,New genre,252
46728,4699,21,14,1937,100,100,1,21,Liquor,2113,Beer,211312,New genre,252
46729,4699,21,14,1937,130,130,1,21,Liquor,2114,Liqueur,211412,Cocktail/ Cocktail of Japanese spirits,79
46736,4701,21,14,1995,345,115,3,21,Liquor,2113,Beer,211312,New genre,252
46754,4703,21,15,1203,550,275,2,21,Liquor,2113,Beer,211311,Beer,22
46768,4706,21,15,1086,190,95,2,21,Liquor,2114,Liqueur,211412,Cocktail/ Cocktail of Japanese spirits,79
46774,4706,21,15,1086,155,155,1,21,Liquor,2114,Liqueur,211412,Cocktail/ Cocktail of Japanese spirits,79
46775,4706,21,15,1086,155,155,1,21,Liquor,2114,Liqueur,211412,Cocktail/ Cocktail of Japanese spirits,79
46776,4706,21,15,1086,155,155,1,21,Liquor,2114,Liqueur,211412,Cocktail/ Cocktail of Japanese spirits,79
46864,4714,21,15,1581,175,175,1,21,Liquor,2113,Beer,211311,Beer,22
46943,4718,21,16,1406,230,115,2,21,Liquor,2116,Liquor and etc.,211612,Ice,175
46944,4718,21,16,1406,115,115,1,21,Liquor,2116,Liquor and etc.,211612,Ice,175
46992,4722,21,17,1808,645,645,1,21,Liquor,2112,Non-alcoholic drinks,211212,Alcohol-free beer,1
46995,4723,21,17,1988,665,665,1,21,Liquor,2115,Wine,211513,Imported wine,181
46996,4723,21,17,1988,260,130,2,21,Liquor,2113,Beer,211313,Low-malt beer,226
47002,4723,21,17,1988,200,200,1,21,Liquor,2113,Beer,211313,Low-malt beer,226
47003,4723,21,17,1988,200,200,1,21,Liquor,2113,Beer,211313,Low-malt beer,226
47086,4727,21,18,1401,115,115,1,21,Liquor,2114,Liqueur,211412,Cocktail/ Cocktail of Japanese spirits,79
47087,4727,21,18,1401,115,115,1,21,Liquor,2114,Liqueur,211412,Cocktail/ Cocktail of Japanese spirits,79
47118,4731,21,18,1064,120,120,1,21,Liquor,2113,Beer,211312,New genre,252
47120,4731,21,18,1064,825,275,3,21,Liquor,2118,Sake,211811,Refined sake,364
47185,4738,21,19,1888,640,640,1,21,Liquor,2113,Beer,211312,New genre,252
47198,4739,21,19,1537,795,795,1,21,Liquor,2115,Wine,211513,Imported wine,181
47208,4740,21,19,1600,645,645,1,21,Liquor,2113,Beer,211312,New genre,252
47222,4741,21,19,1760,185,185,1,21,Liquor,2118,Sake,211811,Refined sake,364
47225,4741,21,19,1760,645,645,1,21,Liquor,2113,Beer,211312,New genre,252
47226,4741,21,19,1760,765,765,1,21,Liquor,2113,Beer,211313,Low-malt beer,226
47267,4746,21,19,1616,380,190,2,21,Liquor,2113,Beer,211311,Beer,22
47276,4748,21,20,1438,100,100,1,21,Liquor,2113,Beer,211312,New genre,252
47277,4748,21,20,1438,150,150,1,21,Liquor,2113,Beer,211312,New genre,252
47289,4749,21,20,1307,190,190,1,21,Liquor,2113,Beer,211311,Beer,22
47290,4749,21,20,1307,210,210,1,21,Liquor,2118,Sake,211811,Refined sake,364
47450,4763,21,13,1671,1690,845,2,21,Liquor,2113,Beer,211312,New genre,252
47465,4765,21,13,1296,575,575,1,21,Liquor,2113,Beer,211312,New genre,252
47471,4766,21,13,1110,100,100,1,21,Liquor,2116,Liquor and etc.,211611,Mixer,241
47571,4777,21,16,1794,115,115,1,21,Liquor,2112,Non-alcoholic drinks,211211,Alcohol-free cocktails,2
47668,4788,21,17,1273,1050,1050,1,21,Liquor,2113,Beer,211311,Beer,22
47717,4791,21,17,1190,560,560,1,21,Liquor,2115,Wine,211513,Imported wine,181
47729,4792,21,17,1945,580,580,1,21,Liquor,2113,Beer,211312,New genre,252
47739,4794,21,18,1914,115,115,1,21,Liquor,2116,Liquor and etc.,211612,Ice,175
47755,4795,21,18,1493,200,200,1,21,Liquor,2113,Beer,211313,Low-malt beer,226
47760,4796,21,18,1948,100,100,1,21,Liquor,2116,Liquor and etc.,211611,Mixer,241
47767,4797,21,18,1014,270,270,1,21,Liquor,2116,Liquor and etc.,211611,Mixer,241
47783,4801,21,19,1449,115,115,1,21,Liquor,2114,Liqueur,211412,Cocktail/ Cocktail of Japanese spirits,79
47784,4801,21,19,1449,115,115,1,21,Liquor,2114,Liqueur,211412,Cocktail/ Cocktail of Japanese spirits,79
47814,4803,21,11,1379,350,175,2,21,Liquor,2113,Beer,211311,Beer,22
47838,4806,21,19,1718,105,105,1,21,Liquor,2114,Liqueur,211412,Cocktail/ Cocktail of Japanese spirits,79
47861,4808,21,20,1643,195,195,1,21,Liquor,2113,Beer,211311,Beer,22
47868,4809,21,20,1158,645,645,1,21,Liquor,2113,Beer,211312,New genre,252
47871,4810,21,20,1815,140,140,1,21,Liquor,2113,Beer,211312,New genre,252
47872,4810,21,20,1815,175,175,1,21,Liquor,2114,Liqueur,211412,Cocktail/ Cocktail of Japanese spirits,79
47980,4821,21,10,1470,95,95,1,21,Liquor,2118,Sake,211811,Refined sake,364
47983,4821,21,10,1470,120,120,1,21,Liquor,2113,Beer,211312,New genre,252
48088,4832,21,13,1161,595,595,1,21,Liquor,2117,Shochu,211712,Korui-Shochu,217
48146,4837,21,16,1074,300,150,2,21,Liquor,2113,Beer,211312,New genre,252
48161,4839,21,17,1628,115,115,1,21,Liquor,2112,Non-alcoholic drinks,211211,Alcohol-free cocktails,2
48162,4839,21,17,1628,115,115,1,21,Liquor,2114,Liqueur,211412,Cocktail/ Cocktail of Japanese spirits,79
48164,4839,21,17,1628,120,120,1,21,Liquor,2114,Liqueur,211412,Cocktail/ Cocktail of Japanese spirits,79
48176,4839,21,17,1628,1000,1000,1,21,Liquor,2119,Wines and spirits,211911,Whisky,450
48323,4851,21,18,1832,420,105,4,21,Liquor,2113,Beer,211311,Beer,22
48324,4851,21,18,1832,105,105,1,21,Liquor,2113,Beer,211311,Beer,22
48389,4855,21,19,1208,650,650,1,21,Liquor,2113,Beer,211312,New genre,252
48404,4858,21,19,1571,100,100,1,21,Liquor,2113,Beer,211312,New genre,252
48475,4865,21,19,1517,200,200,1,21,Liquor,2113,Beer,211313,Low-malt beer,226
48528,4870,21,10,1521,350,175,2,21,Liquor,2113,Beer,211313,Low-malt beer,226
48551,4873,21,10,1496,230,115,2,21,Liquor,2116,Liquor and etc.,211612,Ice,175
48579,4877,21,11,1148,105,105,1,21,Liquor,2114,Liqueur,211412,Cocktail/ Cocktail of Japanese spirits,79
48580,4877,21,11,1148,105,105,1,21,Liquor,2114,Liqueur,211412,Cocktail/ Cocktail of Japanese spirits,79
48982,4911,22,15,1202,100,100,1,21,Liquor,2112,Non-alcoholic drinks,211211,Alcohol-free cocktails,2
48986,4911,22,15,1202,120,120,1,21,Liquor,2114,Liqueur,211412,Cocktail/ Cocktail of Japanese spirits,79
48989,4911,22,15,1202,130,130,1,21,Liquor,2114,Liqueur,211412,Cocktail/ Cocktail of Japanese spirits,79
48992,4911,22,15,1202,150,150,1,21,Liquor,2114,Liqueur,211412,Cocktail/ Cocktail of Japanese spirits,79
49047,4914,22,16,1143,220,110,2,21,Liquor,2112,Non-alcoholic drinks,211212,Alcohol-free beer,1
49114,4921,22,18,1670,145,145,1,21,Liquor,2114,Liqueur,211412,Cocktail/ Cocktail of Japanese spirits,79
49115,4921,22,18,1670,145,145,1,21,Liquor,2114,Liqueur,211412,Cocktail/ Cocktail of Japanese spirits,79
49116,4921,22,18,1670,155,155,1,21,Liquor,2114,Liqueur,211412,Cocktail/ Cocktail of Japanese spirits,79
49195,4931,22,19,1493,150,150,1,21,Liquor,2113,Beer,211312,New genre,252
49286,4939,22,20,1205,100,100,1,21,Liquor,2113,Beer,211312,New genre,252
49287,4939,22,20,1205,130,130,1,21,Liquor,2113,Beer,211313,Low-malt beer,226
49291,4939,22,20,1205,855,855,1,21,Liquor,2115,Wine,211512,Japanese wine,208
49301,4940,22,20,1903,105,105,1,21,Liquor,2114,Liqueur,211412,Cocktail/ Cocktail of Japanese spirits,79
49318,4942,22,21,1703,105,105,1,21,Liquor,2114,Liqueur,211412,Cocktail/ Cocktail of Japanese spirits,79
49381,4949,22,10,1602,645,645,1,21,Liquor,2113,Beer,211312,New genre,252
49385,4950,22,12,1995,100,100,1,21,Liquor,2113,Beer,211312,New genre,252
49386,4950,22,12,1995,200,100,2,21,Liquor,2113,Beer,211312,New genre,252
49449,4959,22,15,1481,110,110,1,21,Liquor,2114,Liqueur,211412,Cocktail/ Cocktail of Japanese spirits,79
49452,4959,22,15,1481,320,160,2,21,Liquor,2114,Liqueur,211412,Cocktail/ Cocktail of Japanese spirits,79
49478,4963,22,15,1328,1500,1500,1,21,Liquor,2117,Shochu,211711,Otsurui-Shochu,318
49591,4974,22,17,1247,520,520,1,21,Liquor,2118,Sake,211811,Refined sake,364
49612,4976,22,17,1295,185,185,1,21,Liquor,2116,Liquor and etc.,211612,Ice,175
49684,4986,22,18,1937,95,95,1,21,Liquor,2114,Liqueur,211412,Cocktail/ Cocktail of Japanese spirits,79
49747,4992,22,19,1973,1305,1305,1,21,Liquor,2113,Beer,211311,Beer,22
49750,4993,22,19,1307,190,190,1,21,Liquor,2113,Beer,211311,Beer,22
49751,4993,22,19,1307,210,210,1,21,Liquor,2118,Sake,211811,Refined sake,364
49826,5001,22,9,1392,380,190,2,21,Liquor,2117,Shochu,211712,Korui-Shochu,217
49844,5003,22,10,1470,95,95,1,21,Liquor,2118,Sake,211811,Refined sake,364
49920,5010,22,12,1211,450,150,3,21,Liquor,2113,Beer,211312,New genre,252
49934,5010,22,12,1211,645,645,1,21,Liquor,2113,Beer,211312,New genre,252
50113,5026,22,16,1809,185,185,1,21,Liquor,2116,Liquor and etc.,211612,Ice,175
50190,5036,22,17,1974,475,475,1,21,Liquor,2115,Wine,211514,OthersWine,316
50192,5037,22,17,1107,100,100,1,21,Liquor,2113,Beer,211312,New genre,252
50204,5038,22,17,1367,185,185,1,21,Liquor,2116,Liquor and etc.,211612,Ice,175
50211,5038,22,17,1367,855,855,1,21,Liquor,2117,Shochu,211711,Otsurui-Shochu,318
50265,5045,22,9,1705,310,155,2,21,Liquor,2114,Liqueur,211412,Cocktail/ Cocktail of Japanese spirits,79
50297,5050,22,19,1567,150,150,1,21,Liquor,2112,Non-alcoholic drinks,211212,Alcohol-free beer,1
50324,5052,22,20,1007,520,520,1,21,Liquor,2118,Sake,211811,Refined sake,364
50402,5061,22,10,1616,250,250,1,21,Liquor,2113,Beer,211311,Beer,22
50655,5083,22,16,1290,175,175,1,21,Liquor,2114,Liqueur,211412,Cocktail/ Cocktail of Japanese spirits,79
50668,5083,22,16,1290,600,600,1,21,Liquor,2113,Beer,211312,New genre,252
50744,5092,22,18,1831,230,230,1,21,Liquor,2113,Beer,211311,Beer,22
50921,5112,22,17,1023,115,115,1,21,Liquor,2112,Non-alcoholic drinks,211211,Alcohol-free cocktails,2
50949,5116,23,13,1296,595,595,1,21,Liquor,2113,Beer,211312,New genre,252
50994,5120,23,16,1165,300,150,2,21,Liquor,2112,Non-alcoholic drinks,211212,Alcohol-free beer,1
51003,5121,23,16,1845,185,185,1,21,Liquor,2116,Liquor and etc.,211612,Ice,175
51007,5122,23,16,1161,165,165,1,21,Liquor,2117,Shochu,211712,Korui-Shochu,217
51013,5124,23,17,1014,240,120,2,21,Liquor,2113,Beer,211312,New genre,252
51169,5143,23,20,1325,645,215,3,21,Liquor,2113,Beer,211311,Beer,22
51266,5155,23,13,1139,110,110,1,21,Liquor,2114,Liqueur,211412,Cocktail/ Cocktail of Japanese spirits,79
51267,5155,23,13,1139,115,115,1,21,Liquor,2114,Liqueur,211412,Cocktail/ Cocktail of Japanese spirits,79
51449,5171,23,15,1829,1200,1200,1,21,Liquor,2117,Shochu,211712,Korui-Shochu,217
51536,5180,23,16,1987,210,105,2,21,Liquor,2114,Liqueur,211412,Cocktail/ Cocktail of Japanese spirits,79
51625,5188,23,17,1864,935,935,1,21,Liquor,2115,Wine,211513,Imported wine,181
51646,5192,23,17,1427,110,110,1,21,Liquor,2112,Non-alcoholic drinks,211212,Alcohol-free beer,1
51672,5194,23,18,1886,115,115,1,21,Liquor,2114,Liqueur,211412,Cocktail/ Cocktail of Japanese spirits,79
51718,5197,23,18,1934,145,145,1,21,Liquor,2114,Liqueur,211412,Cocktail/ Cocktail of Japanese spirits,79
51719,5197,23,18,1934,290,145,2,21,Liquor,2114,Liqueur,211412,Cocktail/ Cocktail of Japanese spirits,79
51720,5197,23,18,1934,145,145,1,21,Liquor,2114,Liqueur,211412,Cocktail/ Cocktail of Japanese spirits,79
51764,5202,23,18,1937,95,95,1,21,Liquor,2114,Liqueur,211412,Cocktail/ Cocktail of Japanese spirits,79
51814,5209,23,11,1635,110,110,1,21,Liquor,2112,Non-alcoholic drinks,211212,Alcohol-free beer,1
52028,5233,23,16,1075,230,115,2,21,Liquor,2113,Beer,211312,New genre,252
52069,5238,23,18,1746,105,105,1,21,Liquor,2114,Liqueur,211412,Cocktail/ Cocktail of Japanese spirits,79
52176,5246,23,19,1517,200,200,1,21,Liquor,2113,Beer,211313,Low-malt beer,226
52180,5247,23,19,1307,190,190,1,21,Liquor,2113,Beer,211311,Beer,22
52182,5247,23,19,1307,210,210,1,21,Liquor,2118,Sake,211811,Refined sake,364
52205,5250,23,19,1995,300,100,3,21,Liquor,2113,Beer,211312,New genre,252
52256,5256,23,20,1360,850,850,1,21,Liquor,2113,Beer,211312,New genre,252
52268,5258,23,20,1363,765,765,1,21,Liquor,2113,Beer,211313,Low-malt beer,226
52298,5262,23,11,1005,150,150,1,21,Liquor,2113,Beer,211312,New genre,252
52299,5262,23,11,1005,150,150,1,21,Liquor,2113,Beer,211312,New genre,252
52300,5262,23,11,1005,175,175,1,21,Liquor,2114,Liqueur,211412,Cocktail/ Cocktail of Japanese spirits,79
52326,5264,23,12,1256,120,120,1,21,Liquor,2113,Beer,211312,New genre,252
52327,5264,23,12,1256,120,120,1,21,Liquor,2113,Beer,211312,New genre,252
52335,5264,23,12,1256,150,150,1,21,Liquor,2114,Liqueur,211412,Cocktail/ Cocktail of Japanese spirits,79
52343,5264,23,12,1256,1025,1025,1,21,Liquor,2113,Beer,211311,Beer,22
52433,5272,23,16,1620,185,185,1,21,Liquor,2116,Liquor and etc.,211612,Ice,175
52520,5281,23,18,1810,115,115,1,21,Liquor,2112,Non-alcoholic drinks,211211,Alcohol-free cocktails,2
52529,5281,23,18,1810,650,650,1,21,Liquor,2112,Non-alcoholic drinks,211212,Alcohol-free beer,1
52535,5283,23,18,1541,120,120,1,21,Liquor,2113,Beer,211312,New genre,252
52537,5283,23,18,1541,150,150,1,21,Liquor,2113,Beer,211312,New genre,252
52571,5289,23,18,1921,210,105,2,21,Liquor,2114,Liqueur,211412,Cocktail/ Cocktail of Japanese spirits,79
52572,5289,23,18,1921,105,105,1,21,Liquor,2114,Liqueur,211412,Cocktail/ Cocktail of Japanese spirits,79
52573,5289,23,18,1921,105,105,1,21,Liquor,2114,Liqueur,211412,Cocktail/ Cocktail of Japanese spirits,79
52582,5289,23,18,1921,600,600,1,21,Liquor,2113,Beer,211312,New genre,252
52652,5299,23,10,1470,95,95,1,21,Liquor,2118,Sake,211811,Refined sake,364
52653,5299,23,10,1470,120,120,1,21,Liquor,2113,Beer,211312,New genre,252
52828,5319,23,18,1206,1390,1390,1,21,Liquor,2113,Beer,211311,Beer,22
52865,5324,24,12,1581,570,190,3,21,Liquor,2113,Beer,211311,Beer,22
53199,5356,24,16,1020,100,100,1,21,Liquor,2116,Liquor and etc.,211611,Mixer,241
53214,5356,24,16,1020,100,100,1,21,Liquor,2113,Beer,211312,New genre,252
53287,5363,24,16,1945,830,830,1,21,Liquor,2113,Beer,211312,New genre,252
53298,5365,24,17,1746,105,105,1,21,Liquor,2114,Liqueur,211412,Cocktail/ Cocktail of Japanese spirits,79
53300,5365,24,17,1746,1485,1485,1,21,Liquor,2117,Shochu,211711,Otsurui-Shochu,318
53350,5369,24,19,1259,185,185,1,21,Liquor,2116,Liquor and etc.,211612,Ice,175
53366,5371,24,19,1307,190,190,1,21,Liquor,2113,Beer,211311,Beer,22
53367,5371,24,19,1307,210,210,1,21,Liquor,2118,Sake,211811,Refined sake,364
53387,5372,24,19,1049,460,460,1,21,Liquor,2115,Wine,211513,Imported wine,181
53422,5377,24,20,1885,230,115,2,21,Liquor,2116,Liquor and etc.,211611,Mixer,241
53429,5378,24,20,1773,330,330,1,21,Liquor,2113,Beer,211311,Beer,22
53443,5379,24,20,1360,850,850,1,21,Liquor,2113,Beer,211312,New genre,252
53499,5383,24,20,1705,95,95,1,21,Liquor,2114,Liqueur,211412,Cocktail/ Cocktail of Japanese spirits,79
53500,5383,24,20,1705,1430,1430,1,21,Liquor,2117,Shochu,211712,Korui-Shochu,217
53776,5414,24,14,1937,115,115,1,21,Liquor,2114,Liqueur,211412,Cocktail/ Cocktail of Japanese spirits,79
54043,5437,24,18,1143,220,110,2,21,Liquor,2112,Non-alcoholic drinks,211212,Alcohol-free beer,1
54071,5439,24,19,1748,1495,1495,1,21,Liquor,2117,Shochu,211711,Otsurui-Shochu,318
54137,5448,24,20,1875,105,105,1,21,Liquor,2114,Liqueur,211412,Cocktail/ Cocktail of Japanese spirits,79
54178,5454,24,20,1600,115,115,1,21,Liquor,2114,Liqueur,211412,Cocktail/ Cocktail of Japanese spirits,79
54184,5454,24,20,1600,650,650,1,21,Liquor,2113,Beer,211312,New genre,252
54260,5464,24,10,1470,95,95,1,21,Liquor,2118,Sake,211811,Refined sake,364
54267,5464,24,10,1470,100,100,1,21,Liquor,2113,Beer,211312,New genre,252
54342,5471,24,11,1934,145,145,1,21,Liquor,2114,Liqueur,211412,Cocktail/ Cocktail of Japanese spirits,79
54343,5471,24,11,1934,145,145,1,21,Liquor,2114,Liqueur,211412,Cocktail/ Cocktail of Japanese spirits,79
54344,5471,24,11,1934,290,145,2,21,Liquor,2114,Liqueur,211412,Cocktail/ Cocktail of Japanese spirits,79
54352,5472,24,12,1070,980,980,1,21,Liquor,2115,Wine,211512,Japanese wine,208
54353,5472,24,12,1070,2780,1390,2,21,Liquor,2113,Beer,211311,Beer,22
54452,5482,24,19,1588,110,110,1,21,Liquor,2112,Non-alcoholic drinks,211212,Alcohol-free beer,1
54453,5482,24,19,1588,110,110,1,21,Liquor,2112,Non-alcoholic drinks,211212,Alcohol-free beer,1
54502,5488,24,20,1059,260,260,1,21,Liquor,2118,Sake,211811,Refined sake,364
54660,5504,24,21,1583,150,150,1,21,Liquor,2113,Beer,211312,New genre,252
54661,5504,24,21,1583,190,190,1,21,Liquor,2118,Sake,211811,Refined sake,364
54663,5504,24,21,1583,340,340,1,21,Liquor,2118,Sake,211811,Refined sake,364
54800,5516,24,17,1762,210,105,2,21,Liquor,2114,Liqueur,211412,Cocktail/ Cocktail of Japanese spirits,79
54814,5517,24,18,1982,230,115,2,21,Liquor,2113,Beer,211312,New genre,252
54890,5524,24,18,1090,175,175,1,21,Liquor,2113,Beer,211311,Beer,22
54907,5526,24,19,1343,1045,1045,1,21,Liquor,2115,Wine,211512,Japanese wine,208
54958,5532,24,19,1226,100,100,1,21,Liquor,2116,Liquor and etc.,211611,Mixer,241
54959,5532,24,19,1226,140,140,1,21,Liquor,2113,Beer,211312,New genre,252
54960,5532,24,19,1226,475,475,1,21,Liquor,2117,Shochu,211712,Korui-Shochu,217
55001,5537,24,11,1388,120,120,1,21,Liquor,2113,Beer,211312,New genre,252
55009,5537,24,11,1388,190,190,1,21,Liquor,2113,Beer,211311,Beer,22
55118,5548,24,13,1296,100,100,1,21,Liquor,2114,Liqueur,211412,Cocktail/ Cocktail of Japanese spirits,79
55131,5549,24,13,1895,665,665,1,21,Liquor,2115,Wine,211513,Imported wine,181
55238,5565,24,16,1962,120,120,1,21,Liquor,2113,Beer,211312,New genre,252
55240,5565,24,16,1962,250,250,1,21,Liquor,2113,Beer,211311,Beer,22
55318,5570,24,18,1649,120,120,1,21,Liquor,2113,Beer,211312,New genre,252
55320,5570,24,18,1649,300,150,2,21,Liquor,2113,Beer,211312,New genre,252
55419,5581,25,10,1355,2300,1150,2,21,Liquor,2119,Wines and spirits,211911,Whisky,450
55427,5582,25,10,1420,570,190,3,21,Liquor,2113,Beer,211311,Beer,22
55630,5600,25,15,1809,185,185,1,21,Liquor,2116,Liquor and etc.,211612,Ice,175
55666,5605,25,16,1746,105,105,1,21,Liquor,2114,Liqueur,211412,Cocktail/ Cocktail of Japanese spirits,79
55667,5605,25,16,1746,120,120,1,21,Liquor,2113,Beer,211312,New genre,252
55768,5613,25,17,1343,765,765,1,21,Liquor,2113,Beer,211313,Low-malt beer,226
55782,5614,25,13,1622,580,580,1,21,Liquor,2113,Beer,211312,New genre,252
55803,5616,25,18,1210,120,120,1,21,Liquor,2113,Beer,211312,New genre,252
55804,5616,25,18,1210,120,120,1,21,Liquor,2113,Beer,211312,New genre,252
55805,5616,25,18,1210,120,120,1,21,Liquor,2113,Beer,211312,New genre,252
55822,5617,25,19,1881,185,185,1,21,Liquor,2116,Liquor and etc.,211612,Ice,175
55827,5618,25,19,1692,100,100,1,21,Liquor,2113,Beer,211312,New genre,252
55829,5618,25,19,1692,140,140,1,21,Liquor,2113,Beer,211312,New genre,252
55841,5619,25,19,1864,935,935,1,21,Liquor,2115,Wine,211513,Imported wine,181
55890,5622,25,19,1924,645,645,1,21,Liquor,2113,Beer,211312,New genre,252
55932,5629,25,20,1885,230,115,2,21,Liquor,2116,Liquor and etc.,211611,Mixer,241
55963,5633,25,20,1576,150,150,1,21,Liquor,2112,Non-alcoholic drinks,211212,Alcohol-free beer,1
55988,5637,25,10,1388,95,95,1,21,Liquor,2114,Liqueur,211412,Cocktail/ Cocktail of Japanese spirits,79
55991,5637,25,10,1388,105,105,1,21,Liquor,2114,Liqueur,211412,Cocktail/ Cocktail of Japanese spirits,79
55993,5637,25,10,1388,120,120,1,21,Liquor,2113,Beer,211312,New genre,252
55999,5637,25,10,1388,190,190,1,21,Liquor,2113,Beer,211311,Beer,22
56038,5640,25,10,1617,170,170,1,21,Liquor,2113,Beer,211311,Beer,22
56045,5641,25,10,1700,1980,330,6,21,Liquor,2113,Beer,211311,Beer,22
56046,5641,25,10,1700,1320,330,4,21,Liquor,2113,Beer,211311,Beer,22
56070,5644,25,11,1402,210,105,2,21,Liquor,2114,Liqueur,211412,Cocktail/ Cocktail of Japanese spirits,79
56071,5644,25,11,1402,110,110,1,21,Liquor,2112,Non-alcoholic drinks,211212,Alcohol-free beer,1
56118,5650,25,12,1056,860,860,1,21,Liquor,2115,Wine,211512,Japanese wine,208
56119,5650,25,12,1056,895,895,1,21,Liquor,2117,Shochu,211712,Korui-Shochu,217
56225,5658,25,14,1760,645,645,1,21,Liquor,2113,Beer,211312,New genre,252
56302,5663,25,14,1177,445,445,1,21,Liquor,2114,Liqueur,211414,Plum wine,337
56313,5664,25,14,1319,140,140,1,21,Liquor,2113,Beer,211312,New genre,252
56314,5664,25,14,1319,300,150,2,21,Liquor,2114,Liqueur,211412,Cocktail/ Cocktail of Japanese spirits,79
56473,5679,25,17,1937,115,115,1,21,Liquor,2114,Liqueur,211412,Cocktail/ Cocktail of Japanese spirits,79
56474,5679,25,17,1937,120,120,1,21,Liquor,2113,Beer,211312,New genre,252
56477,5679,25,17,1937,185,185,1,21,Liquor,2116,Liquor and etc.,211612,Ice,175
56586,5689,25,18,1590,850,850,1,21,Liquor,2113,Beer,211312,New genre,252
56589,5691,25,18,1848,90,90,1,21,Liquor,2116,Liquor and etc.,211611,Mixer,241
56592,5691,25,18,1848,100,100,1,21,Liquor,2116,Liquor and etc.,211611,Mixer,241
56593,5691,25,18,1848,100,100,1,21,Liquor,2116,Liquor and etc.,211611,Mixer,241
56775,5704,25,12,1377,2395,2395,1,21,Liquor,2113,Beer,211312,New genre,252
56834,5709,25,12,1154,1135,1135,1,21,Liquor,2113,Beer,211311,Beer,22
56853,5711,25,12,1190,110,110,1,21,Liquor,2112,Non-alcoholic drinks,211212,Alcohol-free beer,1
56945,5722,25,14,1069,165,165,1,21,Liquor,2117,Shochu,211712,Korui-Shochu,217
57025,5729,25,14,1106,945,105,9,21,Liquor,2114,Liqueur,211412,Cocktail/ Cocktail of Japanese spirits,79
57026,5729,25,14,1106,105,105,1,21,Liquor,2114,Liqueur,211412,Cocktail/ Cocktail of Japanese spirits,79
57094,5735,25,16,1995,200,100,2,21,Liquor,2113,Beer,211312,New genre,252
57102,5736,25,16,1259,115,115,1,21,Liquor,2116,Liquor and etc.,211611,Mixer,241
57105,5736,25,16,1259,650,650,1,21,Liquor,2118,Sake,211811,Refined sake,364
57112,5737,25,17,1988,260,130,2,21,Liquor,2113,Beer,211313,Low-malt beer,226
57116,5737,25,17,1988,400,200,2,21,Liquor,2113,Beer,211313,Low-malt beer,226
57182,5745,25,18,1914,300,150,2,21,Liquor,2112,Non-alcoholic drinks,211212,Alcohol-free beer,1
57223,5748,25,18,1734,430,215,2,21,Liquor,2113,Beer,211311,Beer,22
57225,5748,25,18,1734,220,220,1,21,Liquor,2113,Beer,211311,Beer,22
57238,5749,25,18,1086,130,130,1,21,Liquor,2114,Liqueur,211412,Cocktail/ Cocktail of Japanese spirits,79
57239,5749,25,18,1086,155,155,1,21,Liquor,2114,Liqueur,211412,Cocktail/ Cocktail of Japanese spirits,79
57240,5749,25,18,1086,155,155,1,21,Liquor,2114,Liqueur,211412,Cocktail/ Cocktail of Japanese spirits,79
57268,5752,25,18,1379,350,175,2,21,Liquor,2113,Beer,211311,Beer,22
57316,5756,25,19,1006,600,600,1,21,Liquor,2113,Beer,211312,New genre,252
57328,5758,25,19,1857,580,580,1,21,Liquor,2113,Beer,211312,New genre,252
57337,5760,25,20,1514,120,120,1,21,Liquor,2113,Beer,211312,New genre,252
57351,5762,25,20,1435,200,100,2,21,Liquor,2113,Beer,211312,New genre,252
57352,5762,25,20,1435,100,100,1,21,Liquor,2113,Beer,211312,New genre,252
57375,5766,25,20,1517,130,130,1,21,Liquor,2113,Beer,211313,Low-malt beer,226
57380,5766,25,20,1517,945,945,1,21,Liquor,2118,Sake,211811,Refined sake,364
57428,5772,25,20,1107,145,145,1,21,Liquor,2114,Liqueur,211414,Plum wine,337
57429,5772,25,20,1107,290,145,2,21,Liquor,2114,Liqueur,211412,Cocktail/ Cocktail of Japanese spirits,79
57454,5778,25,21,1351,775,155,5,21,Liquor,2114,Liqueur,211412,Cocktail/ Cocktail of Japanese spirits,79
57455,5778,25,21,1351,155,155,1,21,Liquor,2114,Liqueur,211412,Cocktail/ Cocktail of Japanese spirits,79
57585,5790,25,12,1704,130,130,1,21,Liquor,2113,Beer,211313,Low-malt beer,226
57586,5790,25,12,1704,130,130,1,21,Liquor,2113,Beer,211313,Low-malt beer,226
57718,5803,25,17,1014,120,120,1,21,Liquor,2113,Beer,211312,New genre,252
57725,5803,25,17,1014,185,185,1,21,Liquor,2116,Liquor and etc.,211612,Ice,175
57729,5803,25,17,1014,270,270,1,21,Liquor,2116,Liquor and etc.,211611,Mixer,241
57734,5803,25,17,1014,600,600,1,21,Liquor,2113,Beer,211312,New genre,252
57735,5803,25,17,1014,1895,1895,1,21,Liquor,2117,Shochu,211712,Korui-Shochu,217
57760,5806,25,17,1762,115,115,1,21,Liquor,2114,Liqueur,211412,Cocktail/ Cocktail of Japanese spirits,79
57854,5814,25,18,1728,555,555,1,21,Liquor,2115,Wine,211513,Imported wine,181
57892,5820,25,19,1307,95,95,1,21,Liquor,2118,Sake,211811,Refined sake,364
57895,5820,25,19,1307,210,210,1,21,Liquor,2118,Sake,211811,Refined sake,364
57904,5821,25,19,1179,580,580,1,21,Liquor,2113,Beer,211312,New genre,252
57910,5822,25,19,1007,860,860,1,21,Liquor,2115,Wine,211512,Japanese wine,208
57918,5824,25,9,1467,650,650,1,21,Liquor,2118,Sake,211811,Refined sake,364
58114,5840,25,18,1815,230,230,1,21,Liquor,2113,Beer,211311,Beer,22
58176,5846,26,16,1928,300,150,2,21,Liquor,2113,Beer,211312,New genre,252
58405,5873,26,19,1799,100,100,1,21,Liquor,2113,Beer,211312,New genre,252
58406,5873,26,19,1799,230,115,2,21,Liquor,2112,Non-alcoholic drinks,211211,Alcohol-free cocktails,2
58407,5873,26,19,1799,230,115,2,21,Liquor,2112,Non-alcoholic drinks,211211,Alcohol-free cocktails,2
58408,5873,26,19,1799,115,115,1,21,Liquor,2112,Non-alcoholic drinks,211211,Alcohol-free cocktails,2
58432,5875,26,19,1770,765,765,1,21,Liquor,2113,Beer,211313,Low-malt beer,226
58437,5876,26,19,1576,110,110,1,21,Liquor,2112,Non-alcoholic drinks,211212,Alcohol-free beer,1
58439,5876,26,19,1576,130,130,1,21,Liquor,2112,Non-alcoholic drinks,211212,Alcohol-free beer,1
58474,5879,26,20,1360,890,890,1,21,Liquor,2113,Beer,211312,New genre,252
58499,5883,26,20,1074,300,150,2,21,Liquor,2113,Beer,211312,New genre,252
58509,5885,26,20,1325,220,220,1,21,Liquor,2113,Beer,211311,Beer,22
58513,5886,26,20,1600,115,115,1,21,Liquor,2114,Liqueur,211412,Cocktail/ Cocktail of Japanese spirits,79
58514,5886,26,20,1600,115,115,1,21,Liquor,2114,Liqueur,211412,Cocktail/ Cocktail of Japanese spirits,79
58515,5886,26,20,1600,230,115,2,21,Liquor,2113,Beer,211312,New genre,252
58552,5892,26,21,1514,275,275,1,21,Liquor,2113,Beer,211311,Beer,22
58555,5892,26,21,1514,560,560,1,21,Liquor,2115,Wine,211513,Imported wine,181
58744,5912,26,16,1987,645,645,1,21,Liquor,2114,Liqueur,211413,Liqueur,221
58802,5919,26,16,1995,230,115,2,21,Liquor,2113,Beer,211312,New genre,252
58803,5919,26,16,1995,120,120,1,21,Liquor,2113,Beer,211312,New genre,252
58848,5926,26,17,1952,220,220,1,21,Liquor,2113,Beer,211311,Beer,22
58917,5932,26,17,1879,1200,1200,1,21,Liquor,2119,Wines and spirits,211911,Whisky,450
58927,5934,26,18,1914,300,150,2,21,Liquor,2112,Non-alcoholic drinks,211212,Alcohol-free beer,1
58954,5936,26,18,1937,95,95,1,21,Liquor,2114,Liqueur,211412,Cocktail/ Cocktail of Japanese spirits,79
58955,5936,26,18,1937,105,105,1,21,Liquor,2114,Liqueur,211412,Cocktail/ Cocktail of Japanese spirits,79
58957,5936,26,18,1937,120,120,1,21,Liquor,2113,Beer,211312,New genre,252
58966,5937,26,18,1746,110,110,1,21,Liquor,2114,Liqueur,211412,Cocktail/ Cocktail of Japanese spirits,79
58968,5938,26,18,1134,110,110,1,21,Liquor,2114,Liqueur,211412,Cocktail/ Cocktail of Japanese spirits,79
58969,5938,26,18,1134,230,115,2,21,Liquor,2114,Liqueur,211412,Cocktail/ Cocktail of Japanese spirits,79
59160,5962,26,18,1521,1045,1045,1,21,Liquor,2113,Beer,211313,Low-malt beer,226
59172,5964,26,18,1728,1045,1045,1,21,Liquor,2113,Beer,211313,Low-malt beer,226
59249,5971,26,19,1379,185,185,1,21,Liquor,2116,Liquor and etc.,211612,Ice,175
59253,5972,26,19,1307,190,190,1,21,Liquor,2113,Beer,211311,Beer,22
59254,5972,26,19,1307,210,210,1,21,Liquor,2118,Sake,211811,Refined sake,364
59267,5973,26,19,1857,580,580,1,21,Liquor,2113,Beer,211312,New genre,252
59309,5980,26,20,1158,120,120,1,21,Liquor,2113,Beer,211312,New genre,252
59385,5992,26,10,1005,300,150,2,21,Liquor,2113,Beer,211312,New genre,252
59435,5998,26,12,1256,1025,1025,1,21,Liquor,2113,Beer,211311,Beer,22
59702,6028,26,17,1571,100,100,1,21,Liquor,2113,Beer,211312,New genre,252
59779,6036,26,19,1881,185,185,1,21,Liquor,2116,Liquor and etc.,211612,Ice,175
59890,6048,26,13,1202,130,130,1,21,Liquor,2114,Liqueur,211412,Cocktail/ Cocktail of Japanese spirits,79
59892,6048,26,13,1202,140,140,1,21,Liquor,2114,Liqueur,211412,Cocktail/ Cocktail of Japanese spirits,79
59910,6049,26,13,1154,185,185,1,21,Liquor,2116,Liquor and etc.,211612,Ice,175
59983,6058,26,16,1708,250,250,1,21,Liquor,2113,Beer,211311,Beer,22
60089,6069,27,13,1139,115,115,1,21,Liquor,2114,Liqueur,211412,Cocktail/ Cocktail of Japanese spirits,79
60092,6069,27,13,1139,140,140,1,21,Liquor,2114,Liqueur,211412,Cocktail/ Cocktail of Japanese spirits,79
60103,6070,27,13,1708,190,190,1,21,Liquor,2113,Beer,211311,Beer,22
60110,6072,27,13,1703,100,100,1,21,Liquor,2113,Beer,211312,New genre,252
60241,6084,27,16,1686,100,100,1,21,Liquor,2113,Beer,211312,New genre,252
60242,6084,27,16,1686,100,100,1,21,Liquor,2113,Beer,211312,New genre,252
60244,6084,27,16,1686,120,120,1,21,Liquor,2113,Beer,211312,New genre,252
60255,6085,27,16,1821,130,130,1,21,Liquor,2113,Beer,211313,Low-malt beer,226
60283,6087,27,17,1064,825,275,3,21,Liquor,2118,Sake,211811,Refined sake,364
60389,6098,27,19,1090,170,170,1,21,Liquor,2113,Beer,211311,Beer,22
60401,6099,27,19,1449,190,190,1,21,Liquor,2113,Beer,211311,Beer,22
60405,6099,27,19,1449,795,795,1,21,Liquor,2118,Sake,211811,Refined sake,364
60406,6099,27,19,1449,1095,1095,1,21,Liquor,2117,Shochu,211711,Otsurui-Shochu,318
60440,6102,27,19,1694,1390,1390,1,21,Liquor,2113,Beer,211311,Beer,22
60458,6104,27,19,1881,185,185,1,21,Liquor,2116,Liquor and etc.,211612,Ice,175
60512,6112,27,11,1388,120,120,1,21,Liquor,2113,Beer,211312,New genre,252
60519,6112,27,11,1388,190,190,1,21,Liquor,2113,Beer,211311,Beer,22
60543,6113,27,11,1256,390,195,2,21,Liquor,2113,Beer,211311,Beer,22
60549,6113,27,11,1256,1025,1025,1,21,Liquor,2113,Beer,211311,Beer,22
60672,6125,27,12,1473,100,100,1,21,Liquor,2112,Non-alcoholic drinks,211211,Alcohol-free cocktails,2
60797,6139,27,15,1790,125,125,1,21,Liquor,2113,Beer,211312,New genre,252
60811,6141,27,15,1962,250,250,1,21,Liquor,2113,Beer,211311,Beer,22
61023,6162,27,18,1718,105,105,1,21,Liquor,2114,Liqueur,211412,Cocktail/ Cocktail of Japanese spirits,79
61041,6164,27,18,1514,275,275,1,21,Liquor,2113,Beer,211311,Beer,22
61043,6164,27,18,1514,900,900,1,21,Liquor,2115,Wine,211513,Imported wine,181
61047,6165,27,18,1914,300,150,2,21,Liquor,2114,Liqueur,211412,Cocktail/ Cocktail of Japanese spirits,79
61048,6165,27,18,1914,300,150,2,21,Liquor,2114,Liqueur,211412,Cocktail/ Cocktail of Japanese spirits,79
61062,6166,27,18,1616,150,150,1,21,Liquor,2113,Beer,211312,New genre,252
61092,6167,27,18,1927,650,650,1,21,Liquor,2113,Beer,211312,New genre,252
61140,6174,27,19,1848,100,100,1,21,Liquor,2116,Liquor and etc.,211611,Mixer,241
61141,6174,27,19,1848,100,100,1,21,Liquor,2116,Liquor and etc.,211611,Mixer,241
61149,6174,27,19,1848,580,580,1,21,Liquor,2113,Beer,211312,New genre,252
61168,6178,27,19,1307,190,190,1,21,Liquor,2113,Beer,211311,Beer,22
61169,6178,27,19,1307,210,210,1,21,Liquor,2118,Sake,211811,Refined sake,364
61178,6180,27,20,1014,265,265,1,21,Liquor,2116,Liquor and etc.,211611,Mixer,241
61183,6181,27,20,1149,2180,2180,1,21,Liquor,2117,Shochu,211712,Korui-Shochu,217
61264,6190,27,19,1860,340,170,2,21,Liquor,2113,Beer,211311,Beer,22
61294,6192,27,19,1226,140,140,1,21,Liquor,2113,Beer,211312,New genre,252
61295,6192,27,19,1226,170,170,1,21,Liquor,2117,Shochu,211712,Korui-Shochu,217
61326,6196,27,20,1435,230,230,1,21,Liquor,2113,Beer,211311,Beer,22
61327,6196,27,20,1435,250,250,1,21,Liquor,2113,Beer,211311,Beer,22
61332,6198,27,20,1705,95,95,1,21,Liquor,2114,Liqueur,211412,Cocktail/ Cocktail of Japanese spirits,79
61345,6199,27,20,1832,420,105,4,21,Liquor,2113,Beer,211311,Beer,22
61397,6204,27,20,1576,130,130,1,21,Liquor,2112,Non-alcoholic drinks,211212,Alcohol-free beer,1
61398,6204,27,20,1576,130,130,1,21,Liquor,2112,Non-alcoholic drinks,211212,Alcohol-free beer,1
61448,6211,27,21,1325,220,220,1,21,Liquor,2113,Beer,211311,Beer,22
61449,6211,27,21,1325,220,220,1,21,Liquor,2113,Beer,211311,Beer,22
61501,6217,27,12,1937,95,95,1,21,Liquor,2114,Liqueur,211412,Cocktail/ Cocktail of Japanese spirits,79
61503,6217,27,12,1937,120,120,1,21,Liquor,2114,Liqueur,211412,Cocktail/ Cocktail of Japanese spirits,79
61643,6235,27,17,1529,100,100,1,21,Liquor,2116,Liquor and etc.,211611,Mixer,241
61648,6236,27,18,1746,105,105,1,21,Liquor,2114,Liqueur,211412,Cocktail/ Cocktail of Japanese spirits,79
61655,6237,27,18,1815,100,100,1,21,Liquor,2113,Beer,211312,New genre,252
61694,6243,27,18,1386,1045,1045,1,21,Liquor,2117,Shochu,211711,Otsurui-Shochu,318
61709,6246,27,19,1521,120,120,1,21,Liquor,2114,Liqueur,211412,Cocktail/ Cocktail of Japanese spirits,79
61727,6249,27,19,1995,230,115,2,21,Liquor,2113,Beer,211312,New genre,252
61751,6255,27,10,1470,95,95,1,21,Liquor,2118,Sake,211811,Refined sake,364
61752,6255,27,10,1470,120,120,1,21,Liquor,2113,Beer,211312,New genre,252
61760,6256,27,10,1464,150,150,1,21,Liquor,2112,Non-alcoholic drinks,211212,Alcohol-free beer,1
61833,6263,27,11,1934,140,140,1,21,Liquor,2114,Liqueur,211412,Cocktail/ Cocktail of Japanese spirits,79
61834,6263,27,11,1934,145,145,1,21,Liquor,2114,Liqueur,211412,Cocktail/ Cocktail of Japanese spirits,79
61835,6263,27,11,1934,145,145,1,21,Liquor,2114,Liqueur,211412,Cocktail/ Cocktail of Japanese spirits,79
61836,6263,27,11,1934,150,150,1,21,Liquor,2114,Liqueur,211412,Cocktail/ Cocktail of Japanese spirits,79
61851,6263,27,11,1934,650,650,1,21,Liquor,2113,Beer,211312,New genre,252
61863,6265,27,13,1481,105,105,1,21,Liquor,2114,Liqueur,211412,Cocktail/ Cocktail of Japanese spirits,79
61866,6265,27,13,1481,320,160,2,21,Liquor,2114,Liqueur,211412,Cocktail/ Cocktail of Japanese spirits,79
61992,6278,27,15,1883,130,130,1,21,Liquor,2112,Non-alcoholic drinks,211212,Alcohol-free beer,1
62106,6286,27,16,1657,500,250,2,21,Liquor,2113,Beer,211311,Beer,22
62152,6291,27,17,1704,260,130,2,21,Liquor,2113,Beer,211313,Low-malt beer,226
62183,6293,27,17,1497,150,150,1,21,Liquor,2113,Beer,211312,New genre,252
62185,6294,27,17,1649,115,115,1,21,Liquor,2114,Liqueur,211412,Cocktail/ Cocktail of Japanese spirits,79
62206,6297,27,17,1571,100,100,1,21,Liquor,2113,Beer,211312,New genre,252
62207,6297,27,17,1571,100,100,1,21,Liquor,2114,Liqueur,211412,Cocktail/ Cocktail of Japanese spirits,79
62245,6301,28,11,1256,105,105,1,21,Liquor,2114,Liqueur,211412,Cocktail/ Cocktail of Japanese spirits,79
62246,6301,28,11,1256,115,115,1,21,Liquor,2114,Liqueur,211412,Cocktail/ Cocktail of Japanese spirits,79
62247,6301,28,11,1256,230,115,2,21,Liquor,2113,Beer,211312,New genre,252
62255,6301,28,11,1256,1025,1025,1,21,Liquor,2113,Beer,211311,Beer,22
62425,6321,28,14,1703,115,115,1,21,Liquor,2114,Liqueur,211412,Cocktail/ Cocktail of Japanese spirits,79
62463,6325,28,15,1154,140,140,1,21,Liquor,2116,Liquor and etc.,211612,Ice,175
62464,6325,28,15,1154,140,140,1,21,Liquor,2116,Liquor and etc.,211612,Ice,175
62466,6325,28,15,1154,540,180,3,21,Liquor,2116,Liquor and etc.,211611,Mixer,241
62519,6329,28,16,1514,115,115,1,21,Liquor,2116,Liquor and etc.,211611,Mixer,241
62520,6329,28,16,1514,120,120,1,21,Liquor,2113,Beer,211312,New genre,252
62522,6329,28,16,1514,140,140,1,21,Liquor,2116,Liquor and etc.,211612,Ice,175
62523,6329,28,16,1514,165,165,1,21,Liquor,2113,Beer,211312,New genre,252
62526,6329,28,16,1514,1095,1095,1,21,Liquor,2117,Shochu,211711,Otsurui-Shochu,318
62536,6331,28,17,1041,900,900,1,21,Liquor,2115,Wine,211513,Imported wine,181
62566,6334,28,17,1729,350,175,2,21,Liquor,2114,Liqueur,211412,Cocktail/ Cocktail of Japanese spirits,79
62629,6339,28,18,1708,190,190,1,21,Liquor,2113,Beer,211311,Beer,22
62643,6341,28,18,1435,140,140,1,21,Liquor,2113,Beer,211312,New genre,252
62644,6341,28,18,1435,140,140,1,21,Liquor,2113,Beer,211312,New genre,252
62664,6344,28,19,1805,105,105,1,21,Liquor,2114,Liqueur,211412,Cocktail/ Cocktail of Japanese spirits,79
62665,6344,28,19,1805,240,120,2,21,Liquor,2113,Beer,211312,New genre,252
62675,6346,28,19,1705,300,150,2,21,Liquor,2113,Beer,211312,New genre,252
62717,6351,28,21,1274,600,600,1,21,Liquor,2113,Beer,211312,New genre,252
62749,6354,28,21,1291,465,155,3,21,Liquor,2114,Liqueur,211412,Cocktail/ Cocktail of Japanese spirits,79
62784,6356,28,10,1106,1050,105,10,21,Liquor,2114,Liqueur,211412,Cocktail/ Cocktail of Japanese spirits,79
62847,6361,28,11,1996,560,560,1,21,Liquor,2115,Wine,211513,Imported wine,181
62869,6363,28,11,1328,220,220,1,21,Liquor,2113,Beer,211311,Beer,22
62897,6364,28,11,1360,795,795,1,21,Liquor,2114,Liqueur,211414,Plum wine,337
62898,6364,28,11,1360,890,890,1,21,Liquor,2113,Beer,211312,New genre,252
62899,6365,28,11,1524,2190,1095,2,21,Liquor,2113,Beer,211311,Beer,22
62950,6371,28,13,1496,140,140,1,21,Liquor,2116,Liquor and etc.,211612,Ice,175
62961,6372,28,14,1810,220,110,2,21,Liquor,2112,Non-alcoholic drinks,211212,Alcohol-free beer,1
62984,6373,28,14,1622,600,600,1,21,Liquor,2113,Beer,211312,New genre,252
63023,6378,28,14,1937,140,140,1,21,Liquor,2116,Liquor and etc.,211612,Ice,175
63032,6379,28,15,1203,1650,275,6,21,Liquor,2113,Beer,211311,Beer,22
63066,6380,28,9,1934,145,145,1,21,Liquor,2114,Liqueur,211412,Cocktail/ Cocktail of Japanese spirits,79
63067,6380,28,9,1934,145,145,1,21,Liquor,2114,Liqueur,211412,Cocktail/ Cocktail of Japanese spirits,79
63068,6380,28,9,1934,150,150,1,21,Liquor,2114,Liqueur,211412,Cocktail/ Cocktail of Japanese spirits,79
63073,6380,28,9,1934,180,180,1,21,Liquor,2114,Liqueur,211412,Cocktail/ Cocktail of Japanese spirits,79
63083,6380,28,9,1934,650,650,1,21,Liquor,2113,Beer,211312,New genre,252
63146,6385,28,16,1612,945,945,1,21,Liquor,2117,Shochu,211713,OthersShochu,312
63170,6388,28,16,1464,150,150,1,21,Liquor,2112,Non-alcoholic drinks,211212,Alcohol-free beer,1
63214,6394,28,17,1161,165,165,1,21,Liquor,2117,Shochu,211712,Korui-Shochu,217
63215,6394,28,17,1161,440,440,1,21,Liquor,2115,Wine,211512,Japanese wine,208
63235,6395,28,17,1695,2390,2390,1,21,Liquor,2113,Beer,211312,New genre,252
63248,6396,28,17,1914,150,150,1,21,Liquor,2114,Liqueur,211412,Cocktail/ Cocktail of Japanese spirits,79
63249,6396,28,17,1914,150,150,1,21,Liquor,2114,Liqueur,211412,Cocktail/ Cocktail of Japanese spirits,79
63359,6408,28,19,1307,190,190,1,21,Liquor,2113,Beer,211311,Beer,22
63361,6408,28,19,1307,210,210,1,21,Liquor,2118,Sake,211811,Refined sake,364
63374,6410,28,19,1649,105,105,1,21,Liquor,2114,Liqueur,211412,Cocktail/ Cocktail of Japanese spirits,79
63375,6410,28,19,1649,120,120,1,21,Liquor,2113,Beer,211312,New genre,252
63382,6410,28,19,1649,180,180,1,21,Liquor,2113,Beer,211311,Beer,22
63432,6413,28,20,1055,160,160,1,21,Liquor,2115,Wine,211512,Japanese wine,208
63461,6415,28,20,1278,765,765,1,21,Liquor,2113,Beer,211313,Low-malt beer,226
63559,6427,28,16,1499,200,100,2,21,Liquor,2116,Liquor and etc.,211611,Mixer,241
63562,6427,28,16,1499,600,600,1,21,Liquor,2113,Beer,211312,New genre,252
63650,6432,28,16,1066,235,235,1,21,Liquor,2115,Wine,211512,Japanese wine,208
63692,6436,28,17,1074,300,150,2,21,Liquor,2113,Beer,211312,New genre,252
63784,6444,28,18,1766,880,880,1,21,Liquor,2118,Sake,211811,Refined sake,364
63793,6446,28,18,1413,105,105,1,21,Liquor,2114,Liqueur,211412,Cocktail/ Cocktail of Japanese spirits,79
63794,6446,28,18,1413,115,115,1,21,Liquor,2114,Liqueur,211412,Cocktail/ Cocktail of Japanese spirits,79
63795,6446,28,18,1413,120,120,1,21,Liquor,2113,Beer,211312,New genre,252
63805,6446,28,18,1413,620,620,1,21,Liquor,2114,Liqueur,211413,Liqueur,221
63827,6448,28,18,1616,150,150,1,21,Liquor,2113,Beer,211312,New genre,252
63831,6448,28,18,1616,190,190,1,21,Liquor,2113,Beer,211311,Beer,22
63832,6448,28,18,1616,250,250,1,21,Liquor,2113,Beer,211311,Beer,22
63901,6455,28,19,1718,110,110,1,21,Liquor,2114,Liqueur,211412,Cocktail/ Cocktail of Japanese spirits,79
63921,6457,28,19,1027,105,105,1,21,Liquor,2114,Liqueur,211412,Cocktail/ Cocktail of Japanese spirits,79
63937,6459,28,20,1408,100,100,1,21,Liquor,2113,Beer,211312,New genre,252
63938,6459,28,20,1408,125,125,1,21,Liquor,2113,Beer,211312,New genre,252
63940,6459,28,20,1408,300,150,2,21,Liquor,2113,Beer,211312,New genre,252
63941,6459,28,20,1408,165,165,1,21,Liquor,2113,Beer,211312,New genre,252
63942,6459,28,20,1408,200,200,1,21,Liquor,2113,Beer,211311,Beer,22
63966,6462,28,20,1576,145,145,1,21,Liquor,2114,Liqueur,211412,Cocktail/ Cocktail of Japanese spirits,79
63967,6462,28,20,1576,145,145,1,21,Liquor,2114,Liqueur,211412,Cocktail/ Cocktail of Japanese spirits,79
63990,6466,28,21,1875,150,150,1,21,Liquor,2114,Liqueur,211412,Cocktail/ Cocktail of Japanese spirits,79
64037,6471,28,9,1467,1290,645,2,21,Liquor,2118,Sake,211811,Refined sake,364
64069,6476,28,10,1839,1180,1180,1,21,Liquor,2117,Shochu,211713,OthersShochu,312
64108,6483,28,13,1476,105,105,1,21,Liquor,2114,Liqueur,211412,Cocktail/ Cocktail of Japanese spirits,79
64110,6483,28,13,1476,115,115,1,21,Liquor,2114,Liqueur,211412,Cocktail/ Cocktail of Japanese spirits,79
64111,6483,28,13,1476,115,115,1,21,Liquor,2114,Liqueur,211412,Cocktail/ Cocktail of Japanese spirits,79
64129,6485,28,13,1139,105,105,1,21,Liquor,2114,Liqueur,211412,Cocktail/ Cocktail of Japanese spirits,79
64130,6485,28,13,1139,105,105,1,21,Liquor,2114,Liqueur,211412,Cocktail/ Cocktail of Japanese spirits,79
64145,6485,28,13,1139,105,105,1,21,Liquor,2114,Liqueur,211412,Cocktail/ Cocktail of Japanese spirits,79
64146,6485,28,13,1139,110,110,1,21,Liquor,2114,Liqueur,211412,Cocktail/ Cocktail of Japanese spirits,79
64294,6502,28,17,1086,310,155,2,21,Liquor,2114,Liqueur,211412,Cocktail/ Cocktail of Japanese spirits,79
64295,6502,28,17,1086,155,155,1,21,Liquor,2114,Liqueur,211412,Cocktail/ Cocktail of Japanese spirits,79
64302,6503,28,18,1029,500,250,2,21,Liquor,2113,Beer,211311,Beer,22
64308,6505,28,18,1309,140,140,1,21,Liquor,2116,Liquor and etc.,211612,Ice,175
64328,6506,28,19,1660,1050,1050,1,21,Liquor,2118,Sake,211811,Refined sake,364
64335,6507,28,19,1654,145,145,1,21,Liquor,2114,Liqueur,211412,Cocktail/ Cocktail of Japanese spirits,79
64336,6507,28,19,1654,145,145,1,21,Liquor,2114,Liqueur,211412,Cocktail/ Cocktail of Japanese spirits,79
64400,6513,28,10,1585,2300,1150,2,21,Liquor,2113,Beer,211311,Beer,22
64421,6516,28,10,1388,100,100,1,21,Liquor,2113,Beer,211312,New genre,252
64423,6516,28,10,1388,150,150,1,21,Liquor,2113,Beer,211312,New genre,252
64427,6516,28,10,1388,190,190,1,21,Liquor,2113,Beer,211311,Beer,22
64495,6520,28,12,1997,600,600,1,21,Liquor,2112,Non-alcoholic drinks,211212,Alcohol-free beer,1
64565,6526,29,9,1705,845,845,1,21,Liquor,2113,Beer,211312,New genre,252
64721,6541,29,11,1657,500,250,2,21,Liquor,2113,Beer,211311,Beer,22
64789,6548,29,11,1676,95,95,1,21,Liquor,2118,Sake,211811,Refined sake,364
64910,6557,29,13,1296,595,595,1,21,Liquor,2113,Beer,211312,New genre,252
64921,6559,29,13,1995,345,115,3,21,Liquor,2113,Beer,211312,New genre,252
64978,6565,29,14,1519,660,330,2,21,Liquor,2113,Beer,211311,Beer,22
65024,6570,29,15,1839,1180,1180,1,21,Liquor,2117,Shochu,211713,OthersShochu,312
65032,6571,29,15,1875,210,105,2,21,Liquor,2114,Liqueur,211412,Cocktail/ Cocktail of Japanese spirits,79
65048,6573,29,17,1202,105,105,1,21,Liquor,2114,Liqueur,211412,Cocktail/ Cocktail of Japanese spirits,79
65049,6573,29,17,1202,115,115,1,21,Liquor,2114,Liqueur,211412,Cocktail/ Cocktail of Japanese spirits,79
65099,6577,29,17,1168,300,100,3,21,Liquor,2113,Beer,211312,New genre,252
65142,6580,29,18,1583,200,100,2,21,Liquor,2116,Liquor and etc.,211611,Mixer,241
65144,6580,29,18,1583,380,190,2,21,Liquor,2118,Sake,211811,Refined sake,364
65148,6581,29,18,1367,140,140,1,21,Liquor,2116,Liquor and etc.,211612,Ice,175
65223,6589,29,19,1937,95,95,1,21,Liquor,2114,Liqueur,211412,Cocktail/ Cocktail of Japanese spirits,79
65224,6589,29,19,1937,105,105,1,21,Liquor,2114,Liqueur,211412,Cocktail/ Cocktail of Japanese spirits,79
65225,6589,29,19,1937,120,120,1,21,Liquor,2113,Beer,211312,New genre,252
65271,6594,29,20,1930,600,600,1,21,Liquor,2113,Beer,211312,New genre,252
65303,6597,29,21,1435,140,140,1,21,Liquor,2113,Beer,211312,New genre,252
65306,6597,29,21,1435,150,150,1,21,Liquor,2113,Beer,211312,New genre,252
65417,6607,29,9,1392,380,190,2,21,Liquor,2117,Shochu,211712,Korui-Shochu,217
65522,6618,29,14,1090,370,185,2,21,Liquor,2113,Beer,211311,Beer,22
65530,6618,29,14,1090,175,175,1,21,Liquor,2113,Beer,211311,Beer,22
65547,6620,29,15,1755,1000,1000,1,21,Liquor,2119,Wines and spirits,211911,Whisky,450
65578,6624,29,15,1982,120,120,1,21,Liquor,2113,Beer,211312,New genre,252
65579,6624,29,15,1982,120,120,1,21,Liquor,2113,Beer,211312,New genre,252
65619,6626,29,15,1854,945,945,1,21,Liquor,2115,Wine,211511,Sparkling wine,414
65642,6629,29,16,1912,140,140,1,21,Liquor,2116,Liquor and etc.,211612,Ice,175
65644,6629,29,16,1912,200,200,1,21,Liquor,2113,Beer,211313,Low-malt beer,226
65691,6634,29,16,1020,665,665,1,21,Liquor,2115,Wine,211513,Imported wine,181
65735,6638,29,17,1856,1150,1150,1,21,Liquor,2119,Wines and spirits,211911,Whisky,450
65760,6641,29,18,1107,115,115,1,21,Liquor,2114,Liqueur,211412,Cocktail/ Cocktail of Japanese spirits,79
65778,6643,29,19,1764,230,230,1,21,Liquor,2113,Beer,211311,Beer,22
65879,6650,29,20,1576,155,155,1,21,Liquor,2114,Liqueur,211412,Cocktail/ Cocktail of Japanese spirits,79
66029,6660,29,11,1934,360,180,2,21,Liquor,2114,Liqueur,211412,Cocktail/ Cocktail of Japanese spirits,79
66076,6664,29,12,1877,115,115,1,21,Liquor,2114,Liqueur,211412,Cocktail/ Cocktail of Japanese spirits,79
66087,6664,29,12,1877,1045,1045,1,21,Liquor,2113,Beer,211311,Beer,22
66088,6664,29,12,1877,1305,1305,1,21,Liquor,2113,Beer,211311,Beer,22
66096,6665,29,16,1815,120,120,1,21,Liquor,2113,Beer,211312,New genre,252
66245,6682,29,19,1199,890,890,1,21,Liquor,2113,Beer,211312,New genre,252
66260,6684,29,19,1307,190,190,1,21,Liquor,2113,Beer,211311,Beer,22
66262,6684,29,19,1307,210,210,1,21,Liquor,2118,Sake,211811,Refined sake,364
66277,6688,29,13,1703,2270,2270,1,21,Liquor,2113,Beer,211312,New genre,252
66442,6709,29,11,1962,150,150,1,21,Liquor,2113,Beer,211312,New genre,252
66445,6709,29,11,1962,250,250,1,21,Liquor,2113,Beer,211311,Beer,22
66454,6710,29,11,1388,100,100,1,21,Liquor,2113,Beer,211312,New genre,252
66456,6710,29,11,1388,120,120,1,21,Liquor,2113,Beer,211312,New genre,252
66460,6710,29,11,1388,190,190,1,21,Liquor,2113,Beer,211311,Beer,22
66514,6715,29,13,1708,150,150,1,21,Liquor,2114,Liqueur,211412,Cocktail/ Cocktail of Japanese spirits,79
66690,6734,29,17,1587,1610,1610,1,21,Liquor,2113,Beer,211311,Beer,22
66757,6740,29,18,1165,595,595,1,21,Liquor,2112,Non-alcoholic drinks,211212,Alcohol-free beer,1
66771,6744,29,19,1616,150,150,1,21,Liquor,2113,Beer,211312,New genre,252
66821,6749,29,9,1464,150,150,1,21,Liquor,2112,Non-alcoholic drinks,211212,Alcohol-free beer,1
66894,6756,29,11,1636,140,140,1,21,Liquor,2116,Liquor and etc.,211612,Ice,175
66906,6757,29,11,1481,210,105,2,21,Liquor,2114,Liqueur,211412,Cocktail/ Cocktail of Japanese spirits,79
66915,6757,29,11,1481,600,600,1,21,Liquor,2113,Beer,211312,New genre,252
66916,6757,29,11,1481,845,845,1,21,Liquor,2113,Beer,211312,New genre,252
67026,6769,29,17,1617,110,110,1,21,Liquor,2112,Non-alcoholic drinks,211212,Alcohol-free beer,1
67032,6769,29,17,1617,170,170,1,21,Liquor,2113,Beer,211311,Beer,22
67040,6770,30,9,1628,105,105,1,21,Liquor,2114,Liqueur,211412,Cocktail/ Cocktail of Japanese spirits,79
67052,6770,30,9,1628,130,130,1,21,Liquor,2112,Non-alcoholic drinks,211212,Alcohol-free beer,1
67059,6771,30,9,1746,150,150,1,21,Liquor,2113,Beer,211312,New genre,252
67060,6771,30,9,1746,1100,1100,1,21,Liquor,2117,Shochu,211711,Otsurui-Shochu,318
67094,6778,30,12,1090,125,125,1,21,Liquor,2113,Beer,211312,New genre,252
67095,6778,30,12,1090,125,125,1,21,Liquor,2113,Beer,211312,New genre,252
67131,6782,30,14,1895,150,150,1,21,Liquor,2112,Non-alcoholic drinks,211212,Alcohol-free beer,1
67325,6806,30,20,1875,105,105,1,21,Liquor,2114,Liqueur,211412,Cocktail/ Cocktail of Japanese spirits,79
67326,6806,30,20,1875,150,150,1,21,Liquor,2114,Liqueur,211412,Cocktail/ Cocktail of Japanese spirits,79
67352,6809,30,19,1570,1390,1390,1,21,Liquor,2113,Beer,211311,Beer,22
67454,6821,30,9,1467,1290,645,2,21,Liquor,2118,Sake,211811,Refined sake,364
67727,6850,30,15,1139,200,100,2,21,Liquor,2113,Beer,211312,New genre,252
67762,6854,30,15,1555,880,880,1,21,Liquor,2118,Sake,211811,Refined sake,364
67825,6862,30,15,1962,250,250,1,21,Liquor,2113,Beer,211311,Beer,22
67887,6867,30,17,1377,665,665,1,21,Liquor,2118,Sake,211811,Refined sake,364
67958,6874,30,18,1259,185,185,1,21,Liquor,2116,Liquor and etc.,211612,Ice,175
67960,6874,30,18,1259,645,645,1,21,Liquor,2118,Sake,211811,Refined sake,364
67983,6877,30,18,1728,555,555,1,21,Liquor,2115,Wine,211513,Imported wine,181
67984,6877,30,18,1728,560,560,1,21,Liquor,2115,Wine,211513,Imported wine,181
67987,6878,30,18,1497,150,150,1,21,Liquor,2113,Beer,211312,New genre,252
68003,6880,30,19,1161,165,165,1,21,Liquor,2117,Shochu,211712,Korui-Shochu,217
68005,6880,30,19,1161,440,440,1,21,Liquor,2115,Wine,211512,Japanese wine,208
68010,6881,30,19,1009,100,100,1,21,Liquor,2113,Beer,211312,New genre,252
68028,6884,30,13,1703,115,115,1,21,Liquor,2114,Liqueur,211412,Cocktail/ Cocktail of Japanese spirits,79
68056,6889,30,20,1576,220,110,2,21,Liquor,2112,Non-alcoholic drinks,211212,Alcohol-free beer,1
68084,6892,30,10,1388,105,105,1,21,Liquor,2114,Liqueur,211412,Cocktail/ Cocktail of Japanese spirits,79
68085,6892,30,10,1388,120,120,1,21,Liquor,2113,Beer,211312,New genre,252
68092,6892,30,10,1388,190,190,1,21,Liquor,2113,Beer,211311,Beer,22
68143,6898,30,16,1995,230,115,2,21,Liquor,2113,Beer,211312,New genre,252
68144,6898,30,16,1995,600,600,1,21,Liquor,2113,Beer,211312,New genre,252
68174,6902,30,18,1945,645,645,1,21,Liquor,2113,Beer,211312,New genre,252
68179,6903,30,18,1937,105,105,1,21,Liquor,2114,Liqueur,211412,Cocktail/ Cocktail of Japanese spirits,79
68180,6903,30,18,1937,120,120,1,21,Liquor,2113,Beer,211312,New genre,252
68187,6904,30,18,1541,300,150,2,21,Liquor,2113,Beer,211312,New genre,252
68209,6906,30,18,1854,185,185,1,21,Liquor,2116,Liquor and etc.,211612,Ice,175
68219,6907,30,19,1600,645,645,1,21,Liquor,2113,Beer,211312,New genre,252
68257,6911,30,19,1815,140,140,1,21,Liquor,2113,Beer,211312,New genre,252
68265,6911,30,19,1815,645,645,1,21,Liquor,2113,Beer,211312,New genre,252
68429,6930,30,13,1256,1025,1025,1,21,Liquor,2113,Beer,211311,Beer,22
68519,6941,30,14,1987,210,105,2,21,Liquor,2114,Liqueur,211412,Cocktail/ Cocktail of Japanese spirits,79
68709,6963,30,19,1885,230,115,2,21,Liquor,2116,Liquor and etc.,211611,Mixer,241
68720,6965,30,19,1832,525,105,5,21,Liquor,2113,Beer,211311,Beer,22
68761,6967,30,11,1891,340,340,1,21,Liquor,2118,Sake,211811,Refined sake,364
68866,6976,30,13,1222,85,85,1,21,Liquor,2113,Beer,211312,New genre,252
68939,6981,30,15,1070,2770,1385,2,21,Liquor,2113,Beer,211311,Beer,22
69006,6990,30,16,1134,620,620,1,21,Liquor,2114,Liqueur,211413,Liqueur,221
